{"type":"FeatureCollection","features":[{"type":"Feature","properties":{"name":"An Giang","region":"dbscl","region_name":"Đồng bằng sông Cửu Long"},"geometry":{"type":"MultiPolygon","coordinates":[[[[105.11733,10.95982],[105.10047,10.92162],[105.18892,10.91214],[105.19637,10.84901],[105.23134,10.80784],[105.25894,10.80109],[105.26208,10.7709],[105.30359,10.75848],[105.27744,10.72409],[105.35109,10.71699],[105.3427,10.63875],[105.37042,10.57453],[105.48007,10.53485],[105.52963,10.53941],[105.55772,10.50864],[105.57577,10.44692],[105.57393,10.4293],[105.55447,10.43517],[105.55197,10.41654],[105.52421,10.40059],[105.52834,10.37525],[105.49166,10.34641],[105.48387,10.31583],[105.42668,10.30308],[105.44145,10.26969],[105.3363,10.23426],[105.3012,10.27712],[105.20596,10.18356],[105.0187,10.3186],[104.86436,10.35586],[104.77832,10.48761],[104.77843,10.51965],[104.86793,10.52184],[104.95996,10.64468],[105.09429,10.72285],[105.02882,10.89264],[105.07969,10.95797],[105.11733,10.95982]]]]}},{"type":"Feature","properties":{"name":"Bà Rịa - Vũng Tàu","region":"dnb","region_name":"Đông Nam Bộ"},"geometry":{"type":"MultiPolygon","coordinates":[[[[106.55451,8.65648],[106.57566,8.64521],[106.55904,8.6293],[106.53958,8.65259],[106.55451,8.65648]]],[[[106.6805,8.66841],[106.69631,8.6787],[106.71079,8.66696],[106.67674,8.655],[106.6617,8.68019],[106.6805,8.66841]]],[[[106.66466,8.75955],[106.65201,8.74416],[106.66344,8.73254],[106.63676,8.71685],[106.65952,8.69186],[106.63495,8.69952],[106.60007,8.67529],[106.61307,8.63927],[106.5767,8.64498],[106.56104,8.68014],[106.59259,8.72346],[106.66466,8.75955]]],[[[107.44863,10.80432],[107.48476,10.76934],[107.50595,10.77174],[107.50388,10.74754],[107.54165,10.7107],[107.57094,10.56955],[107.51184,10.5016],[107.47015,10.49751],[107.44327,10.46821],[107.34061,10.46226],[107.25525,10.37953],[107.21798,10.40493],[107.16274,10.39521],[107.08452,10.32289],[107.05622,10.38219],[107.0773,10.37257],[107.12256,10.42991],[107.07328,10.43349],[107.00241,10.49962],[107.02716,10.53904],[107.01103,10.55421],[107.02657,10.58641],[106.99794,10.63297],[107.04547,10.65735],[107.0965,10.65195],[107.133,10.68511],[107.14602,10.7302],[107.13619,10.74516],[107.20653,10.77556],[107.20691,10.75895],[107.30036,10.75468],[107.29937,10.68635],[107.31689,10.66905],[107.35212,10.67819],[107.36089,10.72838],[107.44863,10.80432]]]]}},{"type":"Feature","properties":{"name":"Bắc Giang","region":"tdmnpb","region_name":"Trung du và miền núi phía Bắc"},"geometry":{"type":"MultiPolygon","coordinates":[[[[106.16304,21.62396],[106.1852,21.60424],[106.169,21.59451],[106.16827,21.51231],[106.24416,21.48236],[106.2878,21.49155],[106.28281,21.45268],[106.32846,21.44728],[106.32451,21.41011],[106.35077,21.39586],[106.41414,21.40698],[106.4047,21.42736],[106.42362,21.43953],[106.48284,21.44864],[106.49466,21.48236],[106.52115,21.49901],[106.5074,21.52291],[106.52841,21.56028],[106.57135,21.60276],[106.6701,21.60905],[106.70253,21.59312],[106.70867,21.56224],[106.7512,21.54069],[106.76497,21.57317],[106.84347,21.55982],[106.86614,21.53369],[106.8399,21.51273],[106.84254,21.49512],[106.88996,21.49017],[106.90237,21.47079],[106.89158,21.45146],[106.91099,21.43084],[106.92717,21.44096],[106.92925,21.42631],[106.94178,21.43504],[106.95504,21.42326],[106.98644,21.43906],[107.00358,21.42285],[106.98603,21.40211],[106.98729,21.36068],[107.01797,21.34463],[107.0324,21.31313],[106.97327,21.2845],[106.97845,21.22633],[106.94169,21.17288],[106.8269,21.18806],[106.83331,21.15244],[106.79365,21.14923],[106.64165,21.18055],[106.638,21.16854],[106.6102,21.17097],[106.58127,21.19228],[106.54359,21.19185],[106.52741,21.2234],[106.48919,21.23688],[106.4252,21.23139],[106.41275,21.20771],[106.37487,21.19583],[106.34695,21.16604],[106.31303,21.19323],[106.32295,21.14758],[106.29911,21.1219],[106.27301,21.13265],[106.25344,21.17213],[106.20873,21.15531],[106.21975,21.17621],[106.17297,21.17956],[106.14134,21.21508],[106.12064,21.19821],[106.05342,21.22796],[106.0416,21.20195],[106.03553,21.24526],[105.9949,21.2639],[105.97835,21.22313],[105.94071,21.23305],[105.92257,21.27287],[105.93142,21.29407],[105.89855,21.30628],[105.88076,21.33855],[105.90806,21.34968],[105.89508,21.35204],[105.9099,21.37576],[105.942,21.37506],[105.9606,21.43645],[106.02874,21.39441],[106.02633,21.43104],[106.05143,21.45348],[106.03823,21.49098],[106.05554,21.55094],[106.03318,21.57057],[106.08012,21.6188],[106.16304,21.62396]]]]}},{"type":"Feature","properties":{"name":"Bắc Kạn","region":"tdmnpb","region_name":"Trung du và miền núi phía Bắc"},"geometry":{"type":"MultiPolygon","coordinates":[[[[105.74626,22.73324],[105.75671,22.70124],[105.77653,22.69171],[105.72837,22.63149],[105.75375,22.60762],[105.74557,22.59422],[105.77871,22.57458],[105.76817,22.55547],[105.80444,22.52363],[105.86869,22.51936],[105.90681,22.49564],[105.93369,22.52838],[105.95605,22.52339],[106.04782,22.57768],[106.08234,22.5732],[106.07378,22.55472],[106.11952,22.51047],[106.11927,22.47167],[106.09412,22.44398],[106.1051,22.40179],[106.17696,22.40175],[106.22003,22.3519],[106.20033,22.31137],[106.24693,22.25671],[106.2218,22.20834],[106.23209,22.17542],[106.19122,22.14344],[106.15704,22.08187],[106.1002,22.07094],[106.09596,22.03394],[106.11556,21.97786],[106.09804,21.95392],[106.11016,21.94693],[106.05991,21.94172],[106.02877,21.96692],[106.01194,21.9377],[105.97367,21.93929],[105.95642,21.90852],[105.90957,21.89431],[105.8818,21.8578],[105.81521,21.84402],[105.78759,21.80442],[105.75937,21.81946],[105.7809,21.88915],[105.76462,21.91445],[105.7776,21.93471],[105.75213,22.01194],[105.66924,22.04754],[105.66143,22.02957],[105.58835,22.00535],[105.57483,21.95774],[105.53255,21.96771],[105.46297,22.07457],[105.47472,22.09729],[105.46381,22.11555],[105.49329,22.15718],[105.46942,22.16128],[105.43153,22.2157],[105.43669,22.26037],[105.49191,22.29395],[105.47869,22.30826],[105.51438,22.34839],[105.51903,22.40067],[105.56272,22.40373],[105.57117,22.41901],[105.55261,22.4129],[105.54887,22.43731],[105.59777,22.48869],[105.59111,22.54302],[105.52952,22.61955],[105.54201,22.65085],[105.60172,22.66712],[105.5999,22.68601],[105.64748,22.69879],[105.66676,22.72438],[105.74626,22.73324]]]]}},{"type":"Feature","properties":{"name":"Bạc Liêu","region":"dbscl","region_name":"Đồng bằng sông Cửu Long"},"geometry":{"type":"MultiPolygon","coordinates":[[[[105.29763,9.62941],[105.30907,9.6075],[105.32926,9.59935],[105.34199,9.61254],[105.34516,9.59301],[105.3804,9.58552],[105.41559,9.60192],[105.48902,9.58238],[105.53572,9.59703],[105.55562,9.56035],[105.54485,9.4511],[105.58055,9.41099],[105.59928,9.42388],[105.61489,9.40691],[105.63858,9.40918],[105.65383,9.38584],[105.70265,9.37754],[105.70534,9.39667],[105.77192,9.41133],[105.78536,9.38292],[105.81239,9.37005],[105.84179,9.4035],[105.85899,9.3598],[105.81248,9.33946],[105.82743,9.2447],[105.53019,9.11286],[105.42056,9.01806],[105.39293,9.06708],[105.37736,9.05733],[105.29754,9.08968],[105.25319,9.09136],[105.25206,9.13413],[105.27959,9.17121],[105.24037,9.20042],[105.23272,9.22456],[105.29409,9.27963],[105.24831,9.33546],[105.29689,9.38686],[105.26206,9.39895],[105.27814,9.43304],[105.29481,9.43402],[105.29983,9.50603],[105.31566,9.50226],[105.32983,9.52832],[105.32409,9.55864],[105.30814,9.55589],[105.3127,9.57263],[105.28637,9.59999],[105.29763,9.62941]]]]}},{"type":"Feature","properties":{"name":"Bắc Ninh","region":"dbsh","region_name":"Đồng bằng sông Hồng"},"geometry":{"type":"MultiPolygon","coordinates":[[[[106.0002,21.25796],[106.03553,21.24526],[106.0416,21.20195],[106.05342,21.22796],[106.12064,21.19821],[106.13394,21.21708],[106.17297,21.17956],[106.21975,21.17621],[106.20873,21.15531],[106.25455,21.17129],[106.27301,21.13265],[106.29851,21.12325],[106.31152,21.05933],[106.27249,20.99103],[106.22083,20.99586],[106.16762,20.96824],[106.16857,20.98664],[106.13704,21.00122],[106.11721,20.98333],[106.0904,21.00678],[106.00126,21.00079],[106.02003,21.04744],[105.99891,21.07435],[105.94149,21.0841],[105.91488,21.11847],[105.92296,21.18266],[105.90682,21.19211],[105.91566,21.21458],[105.90472,21.22261],[105.9329,21.24514],[105.97835,21.22313],[105.98653,21.25505],[106.0002,21.25796]]]]}},{"type":"Feature","properties":{"name":"Bến Tre","region":"dbscl","region_name":"Đồng bằng sông Cửu Long"},"geometry":{"type":"MultiPolygon","coordinates":[[[[106.82989,10.16188],[106.81175,10.18227],[106.83125,10.17699],[106.82989,10.16188]]],[[[106.42686,10.31917],[106.53678,10.26763],[106.68043,10.23556],[106.7911,10.1498],[106.78553,10.13187],[106.7507,10.12368],[106.78212,10.12853],[106.79084,10.11536],[106.75091,10.05807],[106.73038,10.04654],[106.75533,10.06909],[106.67883,10.04467],[106.69087,10.01924],[106.66922,9.9986],[106.65905,10.00731],[106.64123,9.94006],[106.68843,9.87703],[106.64798,9.82045],[106.65105,9.83852],[106.63784,9.81136],[106.60199,9.7953],[106.48155,9.92129],[106.31068,10.02334],[106.20398,10.16514],[106.17521,10.1749],[106.11214,10.23684],[106.04291,10.24688],[106.02876,10.27376],[106.03449,10.29882],[106.08812,10.27672],[106.22078,10.31771],[106.30432,10.31897],[106.3726,10.33995],[106.42686,10.31917]]]]}},{"type":"Feature","properties":{"name":"Bình Định","region":"dhntb","region_name":"Duyên hải Nam Trung Bộ"},"geometry":{"type":"MultiPolygon","coordinates":[[[[109.35166,13.61933],[109.36174,13.6039],[109.33763,13.63326],[109.35166,13.61933]]],[[[108.95462,14.68343],[109.01671,14.66573],[109.0454,14.63047],[109.04466,14.60927],[109.08162,14.57864],[109.06671,14.56263],[109.12439,14.44471],[109.12059,14.37108],[109.18609,14.2818],[109.19813,14.23234],[109.18345,14.2048],[109.22767,14.13835],[109.20521,14.11234],[109.25378,14.01763],[109.2595,13.96354],[109.24322,13.94193],[109.27829,13.88806],[109.29319,13.89591],[109.29893,13.84231],[109.28868,13.75432],[109.2532,13.75901],[109.2541,13.78467],[109.27998,13.79357],[109.28309,13.81431],[109.26735,13.80045],[109.25202,13.81216],[109.24768,13.88047],[109.25132,13.84067],[109.21676,13.78683],[109.25103,13.77139],[109.21577,13.74761],[109.23269,13.67137],[109.19914,13.69519],[109.15571,13.67849],[109.15221,13.63405],[109.12017,13.64192],[109.11627,13.58432],[109.0531,13.56959],[109.02508,13.52838],[108.959,13.51508],[108.92006,13.54028],[108.86768,13.5351],[108.85056,13.56874],[108.81409,13.69525],[108.83303,13.70677],[108.82795,13.79165],[108.80127,13.80707],[108.79739,13.84485],[108.74472,13.9091],[108.7637,13.99288],[108.75786,14.03664],[108.7209,14.06835],[108.66648,14.16572],[108.67702,14.22241],[108.60225,14.45894],[108.64035,14.4531],[108.62791,14.54916],[108.64195,14.54876],[108.64008,14.56556],[108.69604,14.59532],[108.70475,14.61463],[108.73515,14.58879],[108.76344,14.60006],[108.76964,14.67712],[108.81317,14.67034],[108.83833,14.69381],[108.88828,14.68323],[108.92857,14.70305],[108.95462,14.68343]]]]}},{"type":"Feature","properties":{"name":"Bình Dương","region":"dnb","region_name":"Đông Nam Bộ"},"geometry":{"type":"MultiPolygon","coordinates":[[[[106.44265,11.49949],[106.49228,11.49794],[106.54249,11.4679],[106.55731,11.48457],[106.57318,11.45573],[106.54222,11.42832],[106.5393,11.38792],[106.56249,11.37055],[106.61364,11.38819],[106.61769,11.36278],[106.66989,11.35451],[106.67456,11.40073],[106.70976,11.39979],[106.7563,11.4502],[106.75405,11.47658],[106.79723,11.49159],[106.80665,11.45275],[106.77054,11.42633],[106.78512,11.38106],[106.85435,11.37639],[106.8569,11.31542],[106.87503,11.30795],[106.87272,11.32723],[106.90827,11.35353],[106.95115,11.33795],[106.92502,11.27128],[106.93174,11.24526],[106.91126,11.24166],[106.91803,11.21965],[106.90133,11.2088],[106.96561,11.14936],[106.95373,11.12974],[106.96589,11.10996],[106.94703,11.08888],[106.94786,11.05883],[106.92329,11.05685],[106.90748,11.02191],[106.87071,11.02054],[106.82705,11.06488],[106.79945,11.05776],[106.81218,11.02983],[106.77478,11.00444],[106.79612,10.97184],[106.76262,10.95397],[106.81731,10.90398],[106.83869,10.90234],[106.81031,10.87321],[106.78005,10.86875],[106.76913,10.89415],[106.74815,10.86419],[106.75147,10.8784],[106.71777,10.89679],[106.72265,10.87201],[106.70079,10.86832],[106.68567,10.92051],[106.65073,10.93276],[106.64905,10.9794],[106.62533,10.981],[106.61904,11.00989],[106.597,11.01785],[106.60021,11.04514],[106.55056,11.04642],[106.52595,11.06959],[106.53426,11.08985],[106.51643,11.10014],[106.52743,11.11881],[106.5081,11.14188],[106.47198,11.14321],[106.45612,11.15957],[106.44404,11.13582],[106.4312,11.17394],[106.38766,11.18645],[106.38367,11.22828],[106.35121,11.24931],[106.36418,11.26092],[106.35095,11.26332],[106.35483,11.28826],[106.33554,11.29554],[106.34479,11.32274],[106.32676,11.34422],[106.34641,11.36657],[106.36784,11.44875],[106.44265,11.49949]]]]}},{"type":"Feature","properties":{"name":"Bình Phước","region":"dnb","region_name":"Đông Nam Bộ"},"geometry":{"type":"MultiPolygon","coordinates":[[[[107.2046,12.29749],[107.2246,12.12654],[107.24058,12.11433],[107.22971,12.02861],[107.24219,12.03928],[107.2553,12.01932],[107.32334,12.00407],[107.35108,11.96823],[107.35286,11.9394],[107.4262,11.85928],[107.39532,11.77112],[107.28845,11.72862],[107.28516,11.68675],[107.26602,11.66086],[107.27038,11.63787],[107.30434,11.6177],[107.30864,11.55843],[107.33642,11.54671],[107.14823,11.50589],[107.09766,11.48148],[107.0683,11.44699],[107.07634,11.41827],[107.05582,11.39483],[107.06027,11.37778],[107.04058,11.37627],[106.99838,11.32665],[106.97883,11.33254],[106.98459,11.31341],[106.9676,11.31809],[106.95422,11.30156],[106.93724,11.30621],[106.95279,11.32791],[106.93918,11.35181],[106.88606,11.34136],[106.87503,11.30795],[106.8569,11.31542],[106.85435,11.37639],[106.78512,11.38106],[106.77054,11.42633],[106.80665,11.45275],[106.79723,11.49159],[106.75405,11.47658],[106.7563,11.4502],[106.70976,11.39979],[106.67456,11.40073],[106.67438,11.35465],[106.61769,11.36278],[106.61364,11.38819],[106.55289,11.37386],[106.5393,11.38792],[106.54132,11.4265],[106.57337,11.45734],[106.55731,11.48457],[106.54249,11.4679],[106.49228,11.49794],[106.42335,11.49889],[106.43422,11.53948],[106.46915,11.54425],[106.49083,11.56973],[106.41447,11.76432],[106.44847,11.82537],[106.44063,11.85753],[106.46593,11.8669],[106.41085,11.97555],[106.4554,11.98921],[106.49254,11.96909],[106.5175,11.98102],[106.53061,11.96885],[106.62706,11.97501],[106.63471,11.96054],[106.64156,11.97495],[106.65965,11.96475],[106.65517,11.98904],[106.68563,11.96377],[106.72144,11.96908],[106.79374,12.08227],[106.91758,12.06148],[107.00218,12.09357],[107.00414,12.11491],[107.07899,12.16278],[107.07403,12.18694],[107.09244,12.18124],[107.10057,12.20675],[107.13759,12.23073],[107.15099,12.2753],[107.2046,12.29749]]]]}},{"type":"Feature","properties":{"name":"Bình Thuận","region":"dhntb","region_name":"Duyên hải Nam Trung Bộ"},"geometry":{"type":"MultiPolygon","coordinates":[[[[108.96019,10.50446],[108.93229,10.51195],[108.92789,10.55199],[108.95731,10.54731],[108.97046,10.51776],[108.96019,10.50446]]],[[[108.58405,11.55575],[108.64396,11.55026],[108.69306,11.46623],[108.76018,11.47046],[108.75778,11.41157],[108.8741,11.35339],[108.86601,11.33266],[108.78845,11.31338],[108.75615,11.28137],[108.72872,11.18396],[108.7047,11.16424],[108.66925,11.19205],[108.61689,11.17576],[108.58989,11.18397],[108.52536,11.15368],[108.47545,11.04877],[108.36245,11.02477],[108.33834,10.95329],[108.30925,10.95658],[108.29496,10.91418],[108.28054,10.91723],[108.27772,10.94168],[108.22918,10.95502],[108.08962,10.91698],[108.04181,10.84028],[107.99377,10.6994],[107.89781,10.72201],[107.83226,10.70641],[107.75335,10.64105],[107.68428,10.62601],[107.57094,10.56955],[107.54356,10.70676],[107.50388,10.74754],[107.50595,10.77174],[107.5735,10.81452],[107.5599,10.9379],[107.5062,11.01307],[107.47312,11.0073],[107.39457,11.04969],[107.41649,11.05067],[107.43054,11.08672],[107.44324,11.08459],[107.45451,11.11236],[107.43458,11.13688],[107.45736,11.15054],[107.48673,11.22235],[107.49937,11.22082],[107.49698,11.24222],[107.52349,11.25242],[107.51809,11.31013],[107.54451,11.36763],[107.57543,11.38194],[107.60913,11.3443],[107.68079,11.32255],[107.71503,11.33695],[107.72419,11.36253],[107.79636,11.37182],[107.99434,11.34084],[108.02774,11.32628],[108.05281,11.2458],[108.04617,11.21557],[108.11526,11.29303],[108.12264,11.28136],[108.1859,11.30698],[108.30482,11.41134],[108.25875,11.47182],[108.27851,11.51517],[108.32266,11.53128],[108.36252,11.50572],[108.3836,11.52494],[108.43119,11.5148],[108.49214,11.52925],[108.53985,11.50675],[108.58405,11.55575]]]]}},{"type":"Feature","properties":{"name":"Cà Mau","region":"dbscl","region_name":"Đồng bằng sông Cửu Long"},"geometry":{"type":"MultiPolygon","coordinates":[[[[104.84229,8.43886],[104.83229,8.42186],[104.8179,8.42608],[104.84214,8.45435],[104.84229,8.43886]]],[[[104.94123,9.53753],[104.96303,9.55575],[104.99277,9.53877],[105.00288,9.55849],[105.29689,9.38686],[105.24831,9.33546],[105.29409,9.27963],[105.23272,9.22456],[105.24037,9.20042],[105.27959,9.17121],[105.24543,9.09991],[105.33495,9.06625],[105.39293,9.06708],[105.41933,9.03503],[105.32781,8.8317],[105.26934,8.76854],[105.17984,8.73762],[105.10805,8.63515],[104.83586,8.56365],[104.72352,8.60126],[104.71274,8.63244],[104.72686,8.64779],[104.75115,8.6331],[104.82492,8.65253],[104.79045,8.67781],[104.78873,8.71045],[104.87082,8.74961],[104.90202,8.79597],[104.81077,8.77241],[104.78066,8.81665],[104.80472,8.92458],[104.80227,9.02459],[104.81638,9.03611],[104.80358,9.04551],[104.80805,9.18121],[104.83468,9.53088],[104.88139,9.49408],[104.91665,9.5617],[104.94123,9.53753]]]]}},{"type":"Feature","properties":{"name":"Cần Thơ","region":"dbscl","region_name":"Đồng bằng sông Cửu Long"},"geometry":{"type":"MultiPolygon","coordinates":[[[[105.67796,9.94346],[105.65876,9.95006],[105.67374,9.96419],[105.64727,9.97593],[105.61915,9.94552],[105.57436,9.9943],[105.53268,9.91913],[105.36443,10.07336],[105.31711,10.14133],[105.29812,10.13838],[105.22579,10.20103],[105.3012,10.27712],[105.3363,10.23426],[105.44145,10.26969],[105.42668,10.30308],[105.49474,10.32687],[105.5999,10.2385],[105.66191,10.14755],[105.78464,10.0672],[105.84469,9.98267],[105.77623,9.95463],[105.72361,9.97571],[105.67796,9.94346]]]]}},{"type":"Feature","properties":{"name":"Cao Bằng","region":"tdmnpb","region_name":"Trung du và miền núi phía Bắc"},"geometry":{"type":"MultiPolygon","coordinates":[[[[105.56697,23.11049],[105.57768,23.06887],[105.64415,23.08225],[105.67637,23.0636],[105.73305,23.06297],[105.73857,23.03254],[105.76143,23.03278],[105.80341,22.99363],[105.84849,22.97732],[105.87009,22.92646],[105.91893,22.95544],[105.93969,22.94007],[105.95792,22.95093],[105.99826,22.94168],[106.00122,22.99236],[106.19607,22.99154],[106.2713,22.90979],[106.27677,22.87169],[106.31119,22.86423],[106.32408,22.87823],[106.34905,22.8557],[106.36992,22.88488],[106.40798,22.87604],[106.44876,22.90394],[106.49858,22.90579],[106.49915,22.93356],[106.52567,22.94845],[106.56594,22.9193],[106.59717,22.9331],[106.64867,22.86761],[106.66928,22.89275],[106.70901,22.88939],[106.71219,22.86484],[106.7685,22.82677],[106.76504,22.81],[106.81779,22.81991],[106.83893,22.79881],[106.76483,22.74171],[106.77977,22.70783],[106.75325,22.69602],[106.75755,22.6745],[106.73715,22.66286],[106.72377,22.61986],[106.73321,22.59082],[106.65521,22.57582],[106.63147,22.6049],[106.60738,22.60084],[106.58104,22.51914],[106.58472,22.47568],[106.55985,22.4539],[106.56548,22.42547],[106.51934,22.39829],[106.49011,22.40133],[106.48756,22.36914],[106.45214,22.35728],[106.39608,22.37364],[106.36194,22.35701],[106.33305,22.41088],[106.24194,22.45989],[106.21482,22.45009],[106.18488,22.38732],[106.16522,22.41012],[106.14014,22.39465],[106.1091,22.39922],[106.09412,22.44398],[106.11927,22.47167],[106.11952,22.51047],[106.07378,22.55472],[106.08116,22.57409],[106.04782,22.57768],[105.95605,22.52339],[105.93369,22.52838],[105.90681,22.49564],[105.86869,22.51936],[105.80444,22.52363],[105.76817,22.55547],[105.77871,22.57458],[105.74557,22.59422],[105.75375,22.60762],[105.72837,22.63149],[105.77653,22.69171],[105.75671,22.70124],[105.75897,22.7243],[105.7412,22.74055],[105.6172,22.69834],[105.5999,22.68601],[105.60172,22.66712],[105.54859,22.65655],[105.53951,22.63368],[105.49809,22.63453],[105.48539,22.67663],[105.49974,22.69611],[105.47043,22.7567],[105.27062,22.86424],[105.27201,22.87842],[105.30557,22.87544],[105.3109,22.91348],[105.36379,22.93978],[105.36098,22.97854],[105.37437,22.9903],[105.48745,23.00927],[105.52851,23.10842],[105.56414,23.12145],[105.56697,23.11049]]]]}},{"type":"Feature","properties":{"name":"Đà Nẵng","region":"dhntb","region_name":"Duyên hải Nam Trung Bộ"},"geometry":{"type":"MultiPolygon","coordinates":[[[[107.92136,16.20556],[107.95591,16.18913],[107.98915,16.21361],[108.05881,16.17924],[108.15098,16.18887],[108.15393,16.16241],[108.13798,16.16194],[108.12543,16.12213],[108.18976,16.07316],[108.21495,16.0965],[108.22666,16.09063],[108.22374,16.10894],[108.23665,16.09286],[108.243,16.11261],[108.2132,16.12219],[108.23062,16.14972],[108.25669,16.15325],[108.30629,16.1226],[108.31977,16.14351],[108.33863,16.11768],[108.3118,16.11278],[108.30648,16.09575],[108.26019,16.10203],[108.24879,16.08668],[108.25051,16.04755],[108.28943,15.96746],[108.2707,15.96015],[108.24691,15.97493],[108.21087,15.9429],[108.20595,15.96174],[108.18539,15.96581],[108.17872,15.93967],[108.15315,15.95397],[108.13876,15.93064],[108.1097,15.94782],[108.08187,15.92568],[108.04094,15.93464],[107.98423,15.91937],[107.94977,15.94879],[107.98131,15.99039],[107.98314,16.01144],[107.95831,16.03664],[107.96361,16.06502],[107.90253,16.03405],[107.86244,16.06165],[107.81868,16.05742],[107.82194,16.08198],[107.85593,16.11434],[107.85967,16.15344],[107.8754,16.16106],[107.87489,16.19565],[107.91123,16.21538],[107.92136,16.20556]]],[[[112.34516,16.83938],[112.33195,16.82704],[112.3246,16.83698],[112.34516,16.83938]]]]}},{"type":"Feature","properties":{"name":"Đắk Lắk","region":"tn","region_name":"Tây Nguyên"},"geometry":{"type":"MultiPolygon","coordinates":[[[[108.14448,13.40778],[108.21331,13.36856],[108.26335,13.3725],[108.28871,13.35055],[108.34697,13.33926],[108.37075,13.30445],[108.37257,13.26748],[108.4214,13.24001],[108.42338,13.19862],[108.46145,13.16256],[108.45724,13.12683],[108.49117,13.1083],[108.51774,13.06814],[108.51186,13.03495],[108.66947,13.00393],[108.70618,12.96427],[108.70463,12.94274],[108.75345,12.94449],[108.79066,12.87114],[108.81581,12.87685],[108.84999,12.85459],[108.86851,12.81706],[108.93994,12.80529],[108.96713,12.81649],[108.98778,12.78142],[108.99482,12.71483],[108.9784,12.68232],[108.94322,12.69466],[108.90292,12.67584],[108.91139,12.6423],[108.86204,12.6072],[108.89736,12.56404],[108.85884,12.49189],[108.8785,12.47903],[108.86793,12.45314],[108.79897,12.48046],[108.77812,12.50571],[108.73985,12.47616],[108.7017,12.47407],[108.66968,12.42273],[108.68902,12.37384],[108.68519,12.32314],[108.66757,12.29998],[108.59626,12.27724],[108.54223,12.29732],[108.53778,12.28225],[108.51105,12.27686],[108.48317,12.30885],[108.46005,12.27573],[108.44262,12.27494],[108.43932,12.25021],[108.33615,12.24802],[108.34027,12.22832],[108.30027,12.20816],[108.27732,12.21419],[108.24131,12.16114],[108.22787,12.1825],[108.18652,12.17396],[108.16556,12.19674],[108.12015,12.17526],[108.04059,12.2889],[108.0154,12.30286],[107.97365,12.29751],[107.93389,12.34321],[107.91682,12.41848],[107.98458,12.44602],[108.00146,12.47633],[107.95429,12.52111],[107.8873,12.54016],[107.89336,12.56484],[107.93487,12.59621],[107.92093,12.64464],[107.90433,12.65071],[107.91199,12.69354],[107.89557,12.71495],[107.91003,12.74093],[107.85864,12.75857],[107.85263,12.80975],[107.77099,12.77827],[107.63395,12.80382],[107.56063,12.79647],[107.49936,12.87645],[107.50248,12.91536],[107.48452,12.94566],[107.48742,12.96942],[107.50432,12.97562],[107.49274,13.04089],[107.60721,13.3042],[107.64962,13.32552],[107.65287,13.34399],[107.69931,13.37369],[107.76504,13.36481],[107.8393,13.40036],[107.94265,13.373],[107.9827,13.39273],[108.00946,13.38145],[108.05371,13.41309],[108.14448,13.40778]]]]}},{"type":"Feature","properties":{"name":"Đắk Nông","region":"tn","region_name":"Tây Nguyên"},"geometry":{"type":"MultiPolygon","coordinates":[[[[107.41649,11.74914],[107.43293,11.76595],[107.465,11.76187],[107.50712,11.80377],[107.5514,11.79093],[107.61843,11.83874],[107.62909,11.86515],[107.67488,11.88657],[107.67245,11.91201],[107.68917,11.91971],[107.72864,11.91481],[107.7268,11.87037],[107.77148,11.84913],[107.83287,11.8777],[107.8934,11.87082],[107.89923,11.80789],[107.92409,11.79703],[107.94754,11.82328],[107.974,11.7903],[108.06718,11.83437],[108.11082,11.89786],[108.08388,11.91231],[108.06732,11.94807],[108.04617,11.95036],[108.04575,11.97506],[108.00722,12.02256],[108.01109,12.0521],[107.9634,12.06519],[107.98278,12.08046],[107.98949,12.12189],[108.00647,12.11603],[108.03628,12.14424],[108.07039,12.13247],[108.11228,12.14592],[108.11351,12.19318],[108.04059,12.2889],[108.0154,12.30286],[107.97365,12.29751],[107.93389,12.34321],[107.91682,12.41848],[107.98458,12.44602],[108.00146,12.47633],[107.95429,12.52111],[107.8873,12.54016],[107.89336,12.56484],[107.93487,12.59621],[107.92093,12.64464],[107.90433,12.65071],[107.91199,12.69354],[107.89557,12.71495],[107.91003,12.74093],[107.85864,12.75857],[107.86282,12.79618],[107.84923,12.81212],[107.79951,12.77975],[107.63395,12.80382],[107.56063,12.79647],[107.55993,12.71036],[107.58188,12.67945],[107.56933,12.64389],[107.58966,12.55907],[107.56288,12.51733],[107.58095,12.49486],[107.54336,12.41476],[107.55408,12.37912],[107.5444,12.35193],[107.44714,12.29165],[107.43543,12.24641],[107.39842,12.2563],[107.34468,12.33526],[107.26895,12.32548],[107.23101,12.29608],[107.2046,12.29749],[107.2246,12.12654],[107.24058,12.11433],[107.22971,12.02861],[107.24219,12.03928],[107.2553,12.01932],[107.32334,12.00407],[107.35108,11.96823],[107.35286,11.9394],[107.4262,11.85928],[107.39069,11.76678],[107.41649,11.74914]]]]}},{"type":"Feature","properties":{"name":"Điện Biên","region":"tdmnpb","region_name":"Trung du và miền núi phía Bắc"},"geometry":{"type":"MultiPolygon","coordinates":[[[[102.32263,22.54367],[102.34251,22.52854],[102.3473,22.49068],[102.39206,22.4589],[102.39109,22.40318],[102.44878,22.35793],[102.5163,22.25968],[102.54419,22.24258],[102.56355,22.26011],[102.58442,22.25545],[102.61939,22.23439],[102.61892,22.19803],[102.67342,22.16786],[102.69754,22.20938],[102.66187,22.2543],[102.67745,22.26259],[102.72925,22.23801],[102.75338,22.20771],[102.73719,22.1687],[102.74292,22.13386],[102.78156,22.09999],[102.77692,22.08761],[102.81976,22.06598],[102.86088,22.05954],[102.86856,22.07797],[102.92581,22.09145],[102.92508,22.10714],[102.93042,22.06872],[102.98575,22.02685],[103.00045,22.05209],[103.09355,22.05774],[103.1015,22.10227],[103.14397,22.06756],[103.17011,22.08052],[103.28352,22.03842],[103.2909,22.04953],[103.27254,22.07348],[103.28564,22.10779],[103.30819,22.11544],[103.33255,22.15344],[103.38655,22.15643],[103.42108,22.07263],[103.46911,22.02994],[103.45353,22.00948],[103.506,21.95592],[103.48445,21.93831],[103.48471,21.89414],[103.52214,21.86232],[103.54729,21.79985],[103.54088,21.77716],[103.59877,21.68214],[103.57331,21.68134],[103.5425,21.64738],[103.55878,21.62384],[103.5196,21.56429],[103.51754,21.5338],[103.45874,21.51839],[103.44937,21.4379],[103.34406,21.42952],[103.33022,21.41517],[103.36122,21.37221],[103.38741,21.36722],[103.36961,21.33127],[103.43043,21.31168],[103.43778,21.18919],[103.42888,21.16282],[103.39727,21.15242],[103.42255,21.06627],[103.38298,21.06057],[103.33322,21.09093],[103.28562,21.09348],[103.30473,21.06261],[103.28214,21.06595],[103.27425,21.05278],[103.29889,20.96497],[103.29824,20.94776],[103.27511,20.93912],[103.28176,20.89687],[103.21628,20.89547],[103.16613,20.91635],[103.11298,20.89747],[103.03418,21.05844],[102.96815,21.07065],[102.93788,21.15843],[102.90333,21.16581],[102.91203,21.22823],[102.86415,21.25714],[102.81112,21.25181],[102.80944,21.2666],[102.8522,21.29973],[102.8981,21.30566],[102.89671,21.38633],[102.94195,21.4571],[102.90398,21.43061],[102.86926,21.42831],[102.88635,21.47643],[102.90784,21.47925],[102.91347,21.50279],[102.99211,21.58623],[102.97985,21.65087],[102.99011,21.68268],[102.97819,21.6964],[102.98871,21.71843],[102.97431,21.74495],[102.87775,21.70268],[102.8567,21.72241],[102.85171,21.84237],[102.82079,21.84231],[102.81068,21.81933],[102.82603,21.73573],[102.74918,21.66472],[102.67467,21.65492],[102.64483,21.7327],[102.66175,21.79155],[102.64544,21.8585],[102.61045,21.8784],[102.61258,21.92018],[102.51434,21.9662],[102.48734,22.00187],[102.51891,22.02997],[102.44141,22.07409],[102.43479,22.11693],[102.38486,22.12904],[102.38359,22.14936],[102.35898,22.16708],[102.33513,22.16605],[102.31253,22.20813],[102.27917,22.2046],[102.27253,22.23609],[102.24049,22.23902],[102.23415,22.28277],[102.17747,22.30477],[102.19522,22.33677],[102.16774,22.34946],[102.17048,22.37142],[102.14809,22.3904],[102.15388,22.42529],[102.18633,22.43559],[102.26234,22.41457],[102.24887,22.46198],[102.32263,22.54367]]]]}},{"type":"Feature","properties":{"name":"Đồng Nai","region":"dnb","region_name":"Đông Nam Bộ"},"geometry":{"type":"MultiPolygon","coordinates":[[[[107.36995,11.54894],[107.36835,11.51705],[107.40253,11.52977],[107.42006,11.51139],[107.44174,11.51673],[107.47226,11.47779],[107.43064,11.42537],[107.45409,11.42019],[107.4543,11.43324],[107.47515,11.43648],[107.48808,11.39824],[107.53534,11.35489],[107.54451,11.3654],[107.51809,11.31013],[107.52349,11.25242],[107.49698,11.24222],[107.49937,11.22082],[107.48673,11.22235],[107.45736,11.15054],[107.43458,11.13688],[107.45451,11.11236],[107.44324,11.08459],[107.43054,11.08672],[107.41649,11.05067],[107.39457,11.04969],[107.47312,11.0073],[107.50471,11.01389],[107.54225,10.97808],[107.5735,10.81452],[107.49571,10.76823],[107.44497,10.80428],[107.36089,10.72838],[107.35212,10.67819],[107.31831,10.66895],[107.29937,10.68635],[107.30036,10.75468],[107.20691,10.75895],[107.20653,10.77556],[107.1882,10.77211],[107.13619,10.74516],[107.14602,10.7302],[107.133,10.68511],[107.0965,10.65195],[107.047,10.65763],[106.99922,10.63442],[107.00833,10.61275],[106.98385,10.57901],[106.91224,10.6078],[106.88186,10.64795],[106.82552,10.62827],[106.75573,10.69528],[106.75173,10.71772],[106.81686,10.77996],[106.82512,10.75987],[106.84567,10.77513],[106.87274,10.76636],[106.86461,10.78869],[106.88228,10.81009],[106.84776,10.85934],[106.83821,10.90309],[106.78965,10.92482],[106.76247,10.96402],[106.79612,10.97184],[106.77486,11.00607],[106.81218,11.02983],[106.8007,11.05877],[106.82705,11.06488],[106.87437,11.0198],[106.90877,11.02251],[106.92329,11.05685],[106.94859,11.0602],[106.94703,11.08888],[106.96589,11.10996],[106.9546,11.1409],[106.96636,11.14779],[106.90133,11.2088],[106.91803,11.21965],[106.91126,11.24166],[106.93174,11.24526],[106.93856,11.30815],[106.98384,11.31295],[106.97883,11.33254],[106.99838,11.32665],[107.04058,11.37627],[107.06027,11.37778],[107.05582,11.39483],[107.07634,11.41827],[107.06922,11.44863],[107.13211,11.50113],[107.3462,11.54333],[107.36007,11.58221],[107.36995,11.54894]]]]}},{"type":"Feature","properties":{"name":"Đồng Tháp","region":"dbscl","region_name":"Đồng bằng sông Cửu Long"},"geometry":{"type":"MultiPolygon","coordinates":[[[[105.81809,10.14957],[105.77487,10.18957],[105.76473,10.17851],[105.72772,10.20507],[105.68263,10.13403],[105.6248,10.18694],[105.5999,10.2385],[105.48762,10.33453],[105.5209,10.36325],[105.52421,10.40059],[105.55197,10.41654],[105.55279,10.43357],[105.57393,10.4293],[105.55772,10.50864],[105.51377,10.5467],[105.48007,10.53485],[105.37042,10.57453],[105.3427,10.63875],[105.35109,10.71699],[105.27744,10.72409],[105.30359,10.75848],[105.26208,10.7709],[105.25894,10.80109],[105.23134,10.80784],[105.19637,10.84901],[105.18892,10.91214],[105.26251,10.89774],[105.33748,10.85735],[105.40801,10.9312],[105.42541,10.97266],[105.45206,10.95487],[105.47059,10.96473],[105.49904,10.95355],[105.51588,10.92272],[105.58323,10.89214],[105.61247,10.83207],[105.59577,10.83068],[105.78084,10.65859],[105.83434,10.63836],[105.91006,10.53845],[105.94199,10.53637],[105.94156,10.49439],[105.85948,10.40789],[105.84461,10.36602],[105.81581,10.37062],[105.82183,10.31037],[105.89392,10.27595],[105.87706,10.26422],[105.91966,10.21093],[105.91336,10.19248],[105.87628,10.18938],[105.87059,10.15432],[105.81809,10.14957]]]]}},{"type":"Feature","properties":{"name":"Gia Lai","region":"tn","region_name":"Tây Nguyên"},"geometry":{"type":"MultiPolygon","coordinates":[[[[108.39089,14.60052],[108.44324,14.55404],[108.50922,14.54593],[108.5471,14.58887],[108.5963,14.56313],[108.60695,14.53433],[108.62797,14.54423],[108.64061,14.45385],[108.60225,14.45894],[108.67702,14.22241],[108.66648,14.16572],[108.7209,14.06835],[108.75786,14.03664],[108.7637,13.99288],[108.74472,13.9091],[108.79739,13.84485],[108.80127,13.80707],[108.82814,13.79091],[108.83303,13.70677],[108.81409,13.69525],[108.85056,13.56874],[108.78535,13.57756],[108.76734,13.56117],[108.74901,13.5663],[108.70357,13.48632],[108.71392,13.46413],[108.73734,13.45869],[108.79385,13.47438],[108.80923,13.35758],[108.86931,13.28807],[108.87081,13.24679],[108.83901,13.16158],[108.76234,13.13508],[108.75572,13.03251],[108.69347,13.01642],[108.67668,12.99568],[108.61396,13.00729],[108.59196,13.02903],[108.56774,13.01969],[108.51186,13.03495],[108.51774,13.06814],[108.49117,13.1083],[108.45724,13.12683],[108.46145,13.16256],[108.42338,13.19862],[108.4214,13.24001],[108.37257,13.26748],[108.37075,13.30445],[108.34697,13.33926],[108.28871,13.35055],[108.26335,13.3725],[108.21331,13.36856],[108.11354,13.41686],[108.07954,13.40311],[108.05371,13.41309],[108.00946,13.38145],[107.9827,13.39273],[107.94297,13.37302],[107.8393,13.40036],[107.76504,13.36481],[107.70014,13.37388],[107.60721,13.3042],[107.63174,13.36068],[107.6178,13.52811],[107.53367,13.74281],[107.45032,13.79363],[107.47405,13.85588],[107.45478,13.8718],[107.47102,13.89246],[107.47276,13.92024],[107.4575,13.92091],[107.46957,13.95313],[107.5258,13.98344],[107.52204,14.01349],[107.59169,14.02241],[107.61399,14.06356],[107.63351,14.05395],[107.64985,14.06692],[107.65827,14.16511],[107.6876,14.22071],[107.75953,14.20209],[107.78361,14.22571],[107.81733,14.21407],[107.83825,14.23522],[107.83734,14.26897],[107.87708,14.28277],[107.96015,14.22871],[107.98263,14.24546],[108.01318,14.24033],[108.03904,14.27671],[108.05948,14.26595],[108.08702,14.31736],[108.07784,14.33261],[108.10329,14.33714],[108.11511,14.36321],[108.14967,14.36057],[108.14782,14.34799],[108.22051,14.39106],[108.29636,14.39094],[108.29811,14.41914],[108.38176,14.51189],[108.35741,14.57926],[108.39089,14.60052]]]]}},{"type":"Feature","properties":{"name":"Hà Giang","region":"tdmnpb","region_name":"Trung du và miền núi phía Bắc"},"geometry":{"type":"MultiPolygon","coordinates":[[[[105.32999,23.38429],[105.37108,23.31947],[105.41119,23.28789],[105.43897,23.3025],[105.48173,23.25943],[105.49993,23.20206],[105.54286,23.19394],[105.59138,23.14623],[105.52851,23.10842],[105.48745,23.00927],[105.37437,22.9903],[105.36098,22.97854],[105.36418,22.94027],[105.3109,22.91348],[105.30557,22.87544],[105.27142,22.8779],[105.27251,22.86228],[105.30748,22.85256],[105.34519,22.81769],[105.38532,22.81204],[105.47043,22.7567],[105.49974,22.69611],[105.48539,22.67663],[105.49624,22.62998],[105.44174,22.60368],[105.39332,22.63079],[105.32647,22.64152],[105.31419,22.60828],[105.28137,22.61964],[105.27091,22.64784],[105.14633,22.69071],[105.13434,22.6521],[105.15771,22.62457],[105.13027,22.61208],[105.13114,22.58959],[105.10981,22.57229],[105.12655,22.53511],[105.108,22.4924],[105.11807,22.4563],[105.08738,22.43942],[105.10058,22.41481],[105.07264,22.3848],[105.08248,22.35271],[105.04144,22.35278],[105.05994,22.3308],[105.048,22.28838],[105.00948,22.26787],[104.98408,22.32277],[104.9509,22.31984],[104.90051,22.34879],[104.89166,22.32331],[104.92181,22.2904],[104.89212,22.27313],[104.91939,22.23892],[104.89595,22.18569],[104.86442,22.20145],[104.83808,22.17913],[104.81751,22.18551],[104.77244,22.16623],[104.7243,22.1988],[104.73046,22.23568],[104.71546,22.26078],[104.60933,22.29126],[104.58419,22.2498],[104.55151,22.24137],[104.54217,22.27642],[104.57876,22.30392],[104.56437,22.33158],[104.57947,22.34877],[104.5538,22.35386],[104.54975,22.38088],[104.45451,22.44149],[104.44616,22.46195],[104.47179,22.48562],[104.41268,22.53133],[104.42354,22.57403],[104.46189,22.57322],[104.45973,22.61184],[104.41854,22.6311],[104.39854,22.68043],[104.36225,22.67299],[104.33559,22.68857],[104.34129,22.71051],[104.35461,22.69185],[104.39738,22.70399],[104.56297,22.84628],[104.59282,22.8509],[104.59985,22.81629],[104.62322,22.82801],[104.62508,22.84714],[104.67251,22.81809],[104.73118,22.82307],[104.72449,22.85015],[104.7581,22.85933],[104.77403,22.9017],[104.86143,22.94616],[104.83265,22.98222],[104.80371,23.12624],[104.86867,23.12488],[104.89298,23.17732],[104.94921,23.17395],[104.96048,23.20198],[105.02457,23.21906],[105.08194,23.2687],[105.1099,23.24604],[105.17107,23.28939],[105.22235,23.27034],[105.25779,23.31499],[105.2564,23.34262],[105.28318,23.34191],[105.30684,23.38224],[105.32999,23.38429]]]]}},{"type":"Feature","properties":{"name":"Hà Nam","region":"dbsh","region_name":"Đồng bằng sông Hồng"},"geometry":{"type":"MultiPolygon","coordinates":[[[[106.03505,20.67964],[106.03163,20.64706],[106.0556,20.60973],[106.12774,20.61186],[106.13272,20.5747],[106.17322,20.54249],[106.18551,20.48267],[106.14758,20.46848],[106.14048,20.49383],[106.11503,20.49593],[106.09938,20.48594],[106.09961,20.45517],[106.04912,20.47262],[106.02034,20.41772],[106.02868,20.40131],[106.00005,20.39559],[105.97797,20.44121],[105.97424,20.42333],[105.92454,20.39667],[105.93723,20.37465],[105.92103,20.36358],[105.86896,20.4099],[105.85181,20.47728],[105.80641,20.49928],[105.76978,20.56425],[105.79573,20.56813],[105.81331,20.63435],[105.83389,20.647],[105.82673,20.66543],[105.87935,20.64318],[105.89582,20.66841],[105.94317,20.68191],[105.94411,20.65633],[105.95799,20.65054],[105.99805,20.67784],[106.00319,20.70422],[106.03505,20.67964]]]]}},{"type":"Feature","properties":{"name":"Hà Nội","region":"dbsh","region_name":"Đồng bằng sông Hồng"},"geometry":{"type":"MultiPolygon","coordinates":[[[[105.81236,21.38139],[105.85694,21.37633],[105.86703,21.32805],[105.89769,21.32734],[105.89855,21.30628],[105.93142,21.29407],[105.92257,21.27287],[105.93852,21.24471],[105.90472,21.22261],[105.91566,21.21458],[105.90682,21.19211],[105.92296,21.18266],[105.91488,21.11847],[105.94149,21.0841],[105.99891,21.07435],[106.02003,21.04744],[106.00126,21.00079],[105.96236,20.991],[105.96442,20.96382],[105.91189,20.97379],[105.91309,20.9178],[105.89539,20.89677],[105.93599,20.86544],[105.91108,20.83142],[105.91965,20.79723],[105.96729,20.77284],[105.97388,20.70073],[106.00319,20.70422],[105.99805,20.67784],[105.95799,20.65054],[105.94411,20.65633],[105.94317,20.68191],[105.89582,20.66841],[105.87935,20.64318],[105.82505,20.66455],[105.83389,20.647],[105.81331,20.63435],[105.79573,20.56813],[105.76978,20.56425],[105.74301,20.59909],[105.70778,20.59944],[105.7001,20.62176],[105.66634,20.61997],[105.68506,20.63436],[105.66956,20.67868],[105.68401,20.69496],[105.66145,20.72401],[105.64847,20.7927],[105.62976,20.7937],[105.63638,20.83901],[105.60097,20.84128],[105.58301,20.81217],[105.55078,20.80925],[105.58613,20.84072],[105.55278,20.88369],[105.57989,20.92836],[105.51288,20.92234],[105.48096,20.94943],[105.46156,20.94705],[105.41781,20.99661],[105.39299,21.00278],[105.38747,21.02423],[105.35508,21.00766],[105.32679,21.0089],[105.32557,21.02144],[105.31727,21.01183],[105.29407,21.05336],[105.32015,21.1122],[105.285,21.16377],[105.30305,21.1913],[105.34219,21.20837],[105.35436,21.29016],[105.39583,21.30395],[105.43844,21.28452],[105.46879,21.1773],[105.48704,21.16363],[105.55971,21.15233],[105.62682,21.17423],[105.61617,21.20413],[105.65867,21.22087],[105.6461,21.23611],[105.68731,21.23473],[105.69849,21.21241],[105.69643,21.22382],[105.73712,21.23607],[105.72521,21.2731],[105.7615,21.30276],[105.79026,21.37687],[105.81236,21.38139]]]]}},{"type":"Feature","properties":{"name":"Hà Tĩnh","region":"btb","region_name":"Bắc Trung Bộ"},"geometry":{"type":"MultiPolygon","coordinates":[[[[105.75798,18.76015],[105.77713,18.757],[105.8355,18.58],[105.92152,18.4516],[105.94236,18.47189],[105.97424,18.40562],[106.07865,18.29179],[106.11547,18.26682],[106.16057,18.26705],[106.25214,18.21558],[106.35821,18.10679],[106.40422,18.09833],[106.41169,18.12166],[106.435,18.12279],[106.42072,18.09176],[106.44348,18.0398],[106.49288,17.96458],[106.51077,17.95999],[106.45035,17.94975],[106.43554,17.97274],[106.34047,17.99138],[106.28889,17.943],[106.28412,17.91067],[106.24032,17.92973],[106.13161,17.92062],[106.04576,17.94631],[106.07808,17.98868],[106.05996,18.01364],[106.04653,18.02834],[106.02043,18.02551],[105.9861,18.06389],[105.95257,18.05771],[105.93238,18.08914],[105.81987,18.06062],[105.82897,18.03172],[105.77862,18.01716],[105.73241,18.03516],[105.70567,17.99231],[105.63373,17.99175],[105.61309,18.01187],[105.59741,18.00262],[105.58143,18.01389],[105.57079,18.08454],[105.54019,18.08197],[105.53543,18.11579],[105.50601,18.12502],[105.51243,18.14943],[105.50178,18.18806],[105.4889,18.17702],[105.49224,18.20191],[105.44257,18.2043],[105.40988,18.15462],[105.38294,18.16983],[105.36757,18.16142],[105.32027,18.20019],[105.32898,18.26429],[105.30987,18.26569],[105.30046,18.2368],[105.29857,18.25546],[105.25639,18.25977],[105.24332,18.29627],[105.1842,18.32512],[105.18416,18.38688],[105.15081,18.38843],[105.14049,18.41989],[105.12253,18.41833],[105.10779,18.43808],[105.11605,18.5388],[105.14017,18.56236],[105.13475,18.59143],[105.15933,18.61336],[105.22953,18.58828],[105.25836,18.61562],[105.29419,18.62238],[105.37743,18.57891],[105.5016,18.61095],[105.54501,18.55312],[105.58417,18.559],[105.59947,18.57713],[105.67058,18.57857],[105.71593,18.66752],[105.76772,18.67482],[105.74199,18.74014],[105.75798,18.76015]]]]}},{"type":"Feature","properties":{"name":"Hải Dương","region":"dbsh","region_name":"Đồng bằng sông Hồng"},"geometry":{"type":"MultiPolygon","coordinates":[[[[106.49253,21.2286],[106.48548,21.12971],[106.44116,21.11667],[106.44074,21.07821],[106.51708,21.06024],[106.51612,21.04623],[106.5763,21.05726],[106.60155,21.03773],[106.61176,21.02121],[106.56494,21.01927],[106.55476,20.99901],[106.59241,20.94658],[106.5766,20.93075],[106.57183,20.95183],[106.56086,20.93241],[106.54352,20.94441],[106.54851,20.92008],[106.52748,20.9081],[106.55211,20.87479],[106.53016,20.85262],[106.48101,20.86797],[106.49656,20.84081],[106.48811,20.82218],[106.51562,20.81437],[106.48583,20.79989],[106.49267,20.75411],[106.45237,20.74262],[106.4635,20.72488],[106.41376,20.73512],[106.35783,20.70093],[106.33573,20.71131],[106.30208,20.68931],[106.28545,20.71136],[106.29019,20.69481],[106.26198,20.70359],[106.24896,20.69526],[106.26951,20.68451],[106.24917,20.68641],[106.22749,20.70569],[106.21596,20.7493],[106.13145,20.80686],[106.14085,20.81731],[106.1273,20.84872],[106.14722,20.88351],[106.13689,20.90352],[106.15516,20.91756],[106.15761,20.94893],[106.13534,20.95989],[106.13182,20.99958],[106.16857,20.98664],[106.16762,20.96824],[106.22083,20.99586],[106.27249,20.99103],[106.31151,21.05864],[106.29547,21.10742],[106.32295,21.14758],[106.3121,21.1923],[106.34695,21.16604],[106.37487,21.19583],[106.41275,21.20771],[106.4252,21.23139],[106.49253,21.2286]]]]}},{"type":"Feature","properties":{"name":"Hải Phòng","region":"dbsh","region_name":"Đồng bằng sông Hồng"},"geometry":{"type":"MultiPolygon","coordinates":[[[[107.73055,20.12731],[107.71668,20.12959],[107.7378,20.14448],[107.73055,20.12731]]],[[[106.93053,20.81124],[106.91509,20.81737],[106.9295,20.82447],[106.93053,20.81124]]],[[[106.88197,20.81281],[106.90394,20.8013],[106.84887,20.79256],[106.8503,20.8215],[106.87121,20.83198],[106.88197,20.81281]]],[[[106.96583,20.87211],[106.977,20.86451],[106.96377,20.85938],[106.96583,20.87211]]],[[[106.95475,20.8674],[106.95508,20.85481],[106.98242,20.85734],[106.97972,20.84585],[106.9972,20.86072],[107.01537,20.83951],[107.00913,20.86011],[107.03501,20.86172],[107.04703,20.81567],[107.05955,20.83358],[107.06553,20.81296],[107.07668,20.82449],[107.10779,20.80175],[107.10899,20.78713],[107.07807,20.80699],[107.10203,20.77844],[107.08521,20.77745],[107.05318,20.81829],[107.07345,20.77866],[107.04644,20.77452],[107.04901,20.7628],[107.03451,20.77473],[107.0725,20.74142],[107.05662,20.74834],[107.04817,20.71209],[107.04645,20.72562],[107.01402,20.7324],[107.04093,20.73866],[107.0009,20.7511],[106.99919,20.72774],[106.95251,20.79217],[106.91726,20.79891],[106.94662,20.80559],[106.93444,20.81541],[106.94816,20.80902],[106.93866,20.82689],[106.9517,20.87896],[106.95475,20.8674]]],[[[106.61842,21.01783],[106.73816,21.00063],[106.76583,20.97982],[106.76995,20.91425],[106.75454,20.87327],[106.78336,20.82483],[106.80935,20.81868],[106.76455,20.81202],[106.73343,20.78087],[106.80063,20.72281],[106.79196,20.70209],[106.80809,20.67579],[106.76721,20.71354],[106.69387,20.68534],[106.69978,20.6609],[106.66674,20.63499],[106.62002,20.62501],[106.6,20.63963],[106.56834,20.62012],[106.54781,20.62777],[106.52827,20.6027],[106.49307,20.61651],[106.47162,20.59834],[106.44269,20.65741],[106.40088,20.68898],[106.41627,20.71396],[106.40781,20.72865],[106.43784,20.72039],[106.44829,20.73652],[106.46089,20.72305],[106.45237,20.74262],[106.49789,20.7601],[106.48583,20.79989],[106.50855,20.80165],[106.51589,20.81877],[106.48811,20.82218],[106.49656,20.84081],[106.48092,20.86781],[106.49897,20.85293],[106.52348,20.86295],[106.52598,20.85124],[106.54783,20.86788],[106.52738,20.90896],[106.54851,20.92008],[106.54352,20.94441],[106.56086,20.93241],[106.57183,20.95183],[106.5766,20.93075],[106.59241,20.94658],[106.55745,21.00656],[106.56494,21.01927],[106.61842,21.01783]]]]}},{"type":"Feature","properties":{"name":"Hậu Giang","region":"dbscl","region_name":"Đồng bằng sông Cửu Long"},"geometry":{"type":"MultiPolygon","coordinates":[[[[105.58581,9.98921],[105.61915,9.94552],[105.64727,9.97593],[105.67374,9.96419],[105.65876,9.95006],[105.67108,9.9389],[105.72361,9.97571],[105.77623,9.95463],[105.84469,9.98267],[105.89715,9.93806],[105.87509,9.91596],[105.84302,9.7488],[105.66935,9.63328],[105.60727,9.62015],[105.59517,9.60289],[105.57607,9.61514],[105.54513,9.58523],[105.53518,9.59741],[105.48902,9.58238],[105.41635,9.60192],[105.37848,9.58601],[105.37526,9.61039],[105.39938,9.62206],[105.40668,9.65164],[105.3392,9.67612],[105.3291,9.70191],[105.41208,9.74914],[105.4049,9.76927],[105.43422,9.79116],[105.43072,9.81623],[105.52047,9.85899],[105.56277,9.98681],[105.58581,9.98921]]]]}},{"type":"Feature","properties":{"name":"Hồ Chí Minh","region":"dnb","region_name":"Đông Nam Bộ"},"geometry":{"type":"MultiPolygon","coordinates":[[[[106.47099,11.15305],[106.52699,11.12051],[106.51643,11.10014],[106.53399,11.09063],[106.52398,11.07479],[106.53412,11.05848],[106.55477,11.04582],[106.5726,11.05456],[106.5866,11.03646],[106.60021,11.04514],[106.597,11.01785],[106.61904,11.00989],[106.62533,10.981],[106.64905,10.9794],[106.65073,10.93276],[106.68567,10.92051],[106.70079,10.86832],[106.72265,10.87201],[106.71777,10.89679],[106.75147,10.8784],[106.74815,10.86419],[106.76913,10.89415],[106.78804,10.86718],[106.84049,10.89836],[106.84776,10.85934],[106.88228,10.81009],[106.86461,10.78869],[106.87434,10.76807],[106.84567,10.77513],[106.82512,10.75987],[106.81686,10.77996],[106.76633,10.74041],[106.75197,10.70545],[106.82552,10.62827],[106.88186,10.64795],[106.91224,10.6078],[106.98385,10.57901],[106.98666,10.53187],[107.01224,10.52168],[106.97576,10.50323],[106.96577,10.46215],[106.93115,10.47046],[106.93492,10.44244],[106.97081,10.40689],[106.87667,10.37734],[106.87307,10.4107],[106.85408,10.41451],[106.83373,10.39534],[106.80164,10.42896],[106.7922,10.41836],[106.73545,10.49671],[106.74584,10.57626],[106.72076,10.59541],[106.73334,10.62929],[106.72262,10.64482],[106.68536,10.6565],[106.62975,10.62669],[106.60581,10.65784],[106.557,10.64949],[106.52999,10.71743],[106.48693,10.73048],[106.46375,10.75645],[106.50111,10.78608],[106.53553,10.90256],[106.41117,10.97388],[106.37338,10.96966],[106.35687,10.99187],[106.41303,11.00843],[106.4514,11.15597],[106.47099,11.15305]]]]}},{"type":"Feature","properties":{"name":"Hoà Bình","region":"tdmnpb","region_name":"Trung du và miền núi phía Bắc"},"geometry":{"type":"MultiPolygon","coordinates":[[[[105.33072,20.93925],[105.34449,20.94329],[105.31727,21.01183],[105.32557,21.02144],[105.32679,21.0089],[105.35508,21.00766],[105.38747,21.02423],[105.39299,21.00278],[105.41781,20.99661],[105.46156,20.94705],[105.48096,20.94943],[105.51581,20.92189],[105.57926,20.92902],[105.55278,20.88369],[105.58613,20.84072],[105.55078,20.80925],[105.58301,20.81217],[105.60097,20.84128],[105.63638,20.83901],[105.62976,20.7937],[105.64847,20.7927],[105.66145,20.72401],[105.68401,20.69496],[105.66956,20.67868],[105.68506,20.63436],[105.66634,20.61997],[105.7001,20.62176],[105.70778,20.59944],[105.72714,20.60431],[105.75905,20.58405],[105.80641,20.49928],[105.85181,20.47728],[105.85745,20.42674],[105.82436,20.4177],[105.79207,20.45464],[105.78075,20.43633],[105.75202,20.43971],[105.75662,20.36709],[105.71909,20.40777],[105.68613,20.41015],[105.72891,20.33897],[105.68053,20.30556],[105.58211,20.36914],[105.50625,20.36016],[105.42682,20.38678],[105.40724,20.37319],[105.34658,20.39042],[105.25856,20.43437],[105.26683,20.45512],[105.22918,20.50458],[105.16933,20.51523],[105.10514,20.57278],[105.02499,20.55897],[104.98066,20.57498],[104.95976,20.62815],[104.91683,20.65947],[104.88912,20.67017],[104.84708,20.6508],[104.8373,20.65906],[104.84517,20.7539],[104.88143,20.76704],[104.99585,20.72245],[105.01378,20.74097],[104.99193,20.75481],[105.02477,20.80204],[104.99743,20.81541],[105.0063,20.84446],[104.97563,20.90854],[104.93894,20.93375],[104.86684,21.03005],[104.85264,21.07641],[104.86849,21.07558],[104.87931,21.10028],[104.91353,21.11238],[104.92563,21.08575],[104.91195,21.06616],[105.00791,21.03888],[105.01837,21.01515],[105.05454,21.01062],[105.0914,20.96114],[105.1315,20.93801],[105.19879,20.95676],[105.20468,20.91694],[105.24675,20.94556],[105.27775,20.92454],[105.33072,20.93925]]]]}},{"type":"Feature","properties":{"name":"Huế","region":"btb","region_name":"Bắc Trung Bộ"},"geometry":{"type":"MultiPolygon","coordinates":[[[[107.42632,16.71308],[107.61731,16.57182],[107.7089,16.52519],[107.93389,16.34152],[107.95473,16.3439],[107.99338,16.31369],[108.02343,16.32279],[108.01911,16.34335],[108.03414,16.33595],[108.08986,16.22693],[108.04635,16.26402],[108.03475,16.24638],[108.05783,16.21666],[108.09321,16.22874],[108.11849,16.21208],[108.19465,16.21004],[108.1211,16.18163],[108.05881,16.17924],[107.98915,16.21361],[107.95591,16.18913],[107.906,16.21401],[107.8672,16.18372],[107.8754,16.16106],[107.85967,16.15344],[107.85593,16.11434],[107.82194,16.08198],[107.81665,16.055],[107.77401,16.06673],[107.7051,15.99503],[107.62085,16.03227],[107.61991,16.06394],[107.56101,16.05011],[107.54727,16.01057],[107.51271,16.01597],[107.48991,16.04056],[107.45883,16.02872],[107.44687,16.03965],[107.46123,16.07219],[107.4487,16.09131],[107.40903,16.08399],[107.40111,16.06315],[107.37791,16.07364],[107.33389,16.05491],[107.26294,16.13662],[107.19268,16.1461],[107.14956,16.18915],[107.15635,16.2566],[107.08764,16.31557],[107.09368,16.38002],[107.15297,16.38984],[107.14874,16.43672],[107.12788,16.44449],[107.13602,16.457],[107.12083,16.48622],[107.05996,16.51753],[107.06035,16.54451],[107.20072,16.58247],[107.24726,16.5866],[107.27109,16.56652],[107.32585,16.60308],[107.30639,16.64052],[107.32184,16.65326],[107.32847,16.64211],[107.3187,16.66199],[107.37028,16.73409],[107.3881,16.74275],[107.42632,16.71308]]]]}},{"type":"Feature","properties":{"name":"Hưng Yên","region":"dbsh","region_name":"Đồng bằng sông Hồng"},"geometry":{"type":"MultiPolygon","coordinates":[[[[106.05329,21.00593],[106.10929,20.99966],[106.15716,20.95059],[106.15516,20.91756],[106.13689,20.90352],[106.14722,20.88351],[106.1273,20.84872],[106.14085,20.81731],[106.13145,20.80686],[106.21521,20.75002],[106.22749,20.70569],[106.26951,20.68451],[106.21759,20.65544],[106.22263,20.64113],[106.13681,20.65893],[106.11014,20.64164],[106.12787,20.62244],[106.07667,20.60324],[106.03694,20.63207],[106.02327,20.69676],[105.97388,20.70073],[105.96729,20.77284],[105.92706,20.78782],[105.91148,20.8193],[105.93534,20.86732],[105.89539,20.89677],[105.91309,20.9178],[105.91189,20.97379],[105.96408,20.96367],[105.96236,20.991],[105.97535,20.99768],[106.02814,20.99307],[106.05329,21.00593]]]]}},{"type":"Feature","properties":{"name":"Khánh Hòa","region":"dhntb","region_name":"Duyên hải Nam Trung Bộ"},"geometry":{"type":"MultiPolygon","coordinates":[[[[109.22809,11.84686],[109.23928,11.83828],[109.24743,11.85104],[109.2516,11.8351],[109.23359,11.82891],[109.22809,11.84686]]],[[[109.27912,12.22766],[109.29716,12.23035],[109.30548,12.21328],[109.32845,12.2219],[109.33525,12.19456],[109.32282,12.1849],[109.29161,12.19752],[109.28379,12.18081],[109.23045,12.22811],[109.25794,12.21231],[109.265,12.23634],[109.27912,12.22766]]],[[[109.30064,12.48589],[109.29409,12.49364],[109.31468,12.4977],[109.30064,12.48589]]],[[[109.34757,12.62699],[109.38478,12.62362],[109.40802,12.55116],[109.30271,12.62005],[109.31883,12.637],[109.34757,12.62699]]],[[[109.37706,12.85342],[109.3884,12.84298],[109.35674,12.8232],[109.37255,12.75774],[109.42425,12.67177],[109.45365,12.66865],[109.4615,12.65096],[109.43469,12.64162],[109.44035,12.56922],[109.41634,12.5807],[109.39003,12.62848],[109.41154,12.64757],[109.39657,12.68565],[109.39352,12.66917],[109.36904,12.67347],[109.36549,12.64314],[109.35116,12.66436],[109.33764,12.65188],[109.35393,12.69362],[109.36776,12.68944],[109.38052,12.71325],[109.35581,12.79986],[109.32684,12.79551],[109.31964,12.7668],[109.29553,12.76185],[109.26261,12.71318],[109.22893,12.69533],[109.18236,12.62044],[109.20121,12.61244],[109.19032,12.57762],[109.20922,12.53815],[109.21439,12.57372],[109.23278,12.59388],[109.24381,12.58133],[109.22994,12.5471],[109.23919,12.50895],[109.28407,12.49038],[109.28952,12.42756],[109.33785,12.40707],[109.33931,12.39003],[109.327,12.37315],[109.30785,12.38802],[109.28599,12.34763],[109.26231,12.3609],[109.23826,12.40994],[109.17738,12.45614],[109.14164,12.41014],[109.19917,12.39374],[109.20258,12.33632],[109.24276,12.30613],[109.20589,12.29006],[109.20445,12.26672],[109.17451,12.27003],[109.19977,12.26154],[109.1994,12.23127],[109.21723,12.21035],[109.18736,12.20817],[109.20931,12.18574],[109.19837,12.16548],[109.22299,12.14669],[109.19523,12.11512],[109.19622,12.08228],[109.2489,11.97871],[109.28457,11.95408],[109.25819,11.9232],[109.28027,11.87644],[109.24946,11.85237],[109.23182,11.88105],[109.2028,11.88106],[109.21588,11.93966],[109.19947,11.99897],[109.20827,11.98114],[109.18899,11.94017],[109.15095,11.89556],[109.12834,11.90903],[109.1107,11.84971],[109.12418,11.82107],[109.14413,11.81806],[109.18878,11.87663],[109.17728,11.84253],[109.19506,11.81158],[109.10936,11.80692],[109.07097,11.84075],[109.03638,11.9089],[108.84963,11.9659],[108.85322,12.01771],[108.79915,12.04474],[108.80861,12.05978],[108.78348,12.12338],[108.78937,12.15979],[108.73516,12.15728],[108.7114,12.1899],[108.72158,12.21807],[108.70047,12.24276],[108.70779,12.29919],[108.68012,12.31674],[108.68902,12.37384],[108.66968,12.42273],[108.71398,12.48356],[108.73985,12.47616],[108.77724,12.50571],[108.79897,12.48046],[108.86793,12.45314],[108.8785,12.47903],[108.85884,12.49189],[108.89331,12.55133],[108.89215,12.58035],[108.93702,12.61005],[108.96749,12.59988],[108.98277,12.62306],[108.98659,12.70344],[109.0392,12.74567],[109.0866,12.74508],[109.11567,12.79821],[109.14266,12.78055],[109.16728,12.8272],[109.20731,12.82801],[109.22616,12.81233],[109.25506,12.8379],[109.31893,12.83566],[109.36607,12.86823],[109.37706,12.85342]]]]}},{"type":"Feature","properties":{"name":"Kiên Giang","region":"dbscl","region_name":"Đồng bằng sông Cửu Long"},"geometry":{"type":"MultiPolygon","coordinates":[[[[103.46209,9.32532],[103.48109,9.31676],[103.44675,9.29211],[103.43274,9.31546],[103.46209,9.32532]]],[[[104.35294,9.69239],[104.35541,9.65756],[104.34024,9.67857],[104.34906,9.71069],[104.35294,9.69239]]],[[[104.63887,9.82153],[104.6574,9.8178],[104.65097,9.79802],[104.6133,9.79739],[104.63887,9.82153]]],[[[104.01952,9.96466],[104.02254,9.93978],[104.01049,9.94858],[104.01952,9.96466]]],[[[104.83842,9.9486],[104.82735,9.96547],[104.85157,9.97891],[104.83842,9.9486]]],[[[104.32448,10.4423],[104.33219,10.43296],[104.31364,10.43225],[104.32448,10.4423]]],[[[104.03154,10.41281],[104.05714,10.40268],[104.08057,10.35531],[104.08145,10.24693],[104.0177,10.0828],[104.04328,10.06913],[104.02993,10.03194],[104.05198,10.00531],[104.01014,10.01017],[103.99105,10.04855],[103.94327,10.25181],[103.90818,10.29926],[103.89335,10.29004],[103.85677,10.30767],[103.83269,10.36351],[103.83794,10.37821],[103.9271,10.36146],[103.99188,10.45128],[104.03154,10.41281]]],[[[104.71855,10.53118],[104.77843,10.51965],[104.77832,10.48761],[104.86896,10.35275],[105.0187,10.3186],[105.20596,10.18356],[105.22759,10.21321],[105.29812,10.13838],[105.31711,10.14133],[105.36443,10.07336],[105.53933,9.91287],[105.52047,9.85899],[105.43072,9.81623],[105.43422,9.79116],[105.4049,9.76927],[105.4114,9.74839],[105.3291,9.70191],[105.3392,9.67612],[105.40668,9.65164],[105.37102,9.5883],[105.34516,9.59301],[105.34199,9.61254],[105.32926,9.59935],[105.30815,9.60801],[105.29228,9.63688],[105.28637,9.59999],[105.3127,9.57263],[105.30814,9.55589],[105.32409,9.55864],[105.32983,9.52832],[105.31566,9.50226],[105.29983,9.50603],[105.29481,9.43402],[105.27814,9.43304],[105.26206,9.39895],[105.00288,9.55849],[104.99277,9.53877],[104.96303,9.55575],[104.94585,9.53299],[104.91665,9.5617],[104.88139,9.49408],[104.83468,9.53088],[104.85857,9.726],[104.89612,9.84636],[104.95704,9.854],[105.0436,9.93864],[105.07512,9.94965],[105.09818,9.92694],[105.1097,9.95007],[105.07405,10.0128],[104.9889,10.10251],[104.88378,10.08954],[104.81464,10.18523],[104.77003,10.21879],[104.73302,10.22696],[104.7043,10.21344],[104.64456,10.13665],[104.60049,10.14369],[104.6098,10.16288],[104.58957,10.18636],[104.58747,10.24711],[104.5702,10.27294],[104.54479,10.29168],[104.53071,10.27731],[104.52798,10.32198],[104.48383,10.37935],[104.44267,10.36498],[104.45255,10.39965],[104.43814,10.42205],[104.4767,10.42985],[104.49873,10.40659],[104.52022,10.44236],[104.55228,10.45765],[104.58987,10.52987],[104.71855,10.53118]]]]}},{"type":"Feature","properties":{"name":"Kon Tum","region":"tn","region_name":"Tây Nguyên"},"geometry":{"type":"MultiPolygon","coordinates":[[[[107.63784,15.41531],[107.69299,15.31733],[107.70778,15.30344],[107.73041,15.30823],[107.73674,15.2293],[107.87198,15.21023],[107.89129,15.19302],[107.92724,15.20967],[107.95132,15.17509],[107.99966,15.15619],[108.00266,15.11997],[107.9517,15.05319],[107.9895,14.99882],[108.04559,14.99305],[108.08887,14.95125],[108.10705,14.95148],[108.16252,14.9737],[108.14652,15.04537],[108.16112,15.06095],[108.24913,15.02654],[108.39565,14.82621],[108.45742,14.7905],[108.49382,14.80056],[108.5184,14.7727],[108.52887,14.74569],[108.49662,14.69988],[108.51235,14.68339],[108.4809,14.62856],[108.52668,14.62354],[108.5471,14.58887],[108.52787,14.55574],[108.4914,14.54375],[108.44147,14.55483],[108.40113,14.59892],[108.37478,14.59983],[108.35729,14.57201],[108.38176,14.51189],[108.29811,14.41914],[108.29636,14.39094],[108.22051,14.39106],[108.14782,14.34799],[108.14967,14.36057],[108.11511,14.36321],[108.10329,14.33714],[108.07784,14.33261],[108.08702,14.31736],[108.05948,14.26595],[108.03904,14.27671],[108.01519,14.24101],[107.98263,14.24546],[107.96015,14.22871],[107.87708,14.28277],[107.83734,14.26897],[107.83825,14.23522],[107.81733,14.21407],[107.78361,14.22571],[107.75953,14.20209],[107.68878,14.22146],[107.65868,14.16675],[107.64985,14.06692],[107.63351,14.05395],[107.61399,14.06356],[107.59169,14.02241],[107.52204,14.01349],[107.5258,13.98344],[107.46957,13.95313],[107.4575,13.92091],[107.44315,13.99654],[107.38454,13.98838],[107.35675,14.01902],[107.38127,14.0814],[107.33249,14.10561],[107.40678,14.23502],[107.40662,14.29928],[107.39093,14.32297],[107.42887,14.37906],[107.41977,14.41025],[107.44764,14.42613],[107.46085,14.40676],[107.48684,14.40444],[107.53175,14.55332],[107.51764,14.58601],[107.54522,14.61128],[107.55961,14.70063],[107.55545,14.721],[107.5219,14.72678],[107.54006,14.75322],[107.50708,14.78902],[107.58929,14.87705],[107.58483,14.89245],[107.48458,14.94999],[107.4678,15.00744],[107.53999,15.04917],[107.58819,15.0284],[107.59364,15.05113],[107.62123,15.05106],[107.59798,15.08712],[107.62297,15.10614],[107.60787,15.13319],[107.62673,15.14954],[107.58243,15.19583],[107.63303,15.22994],[107.61564,15.28748],[107.63469,15.31847],[107.60947,15.33664],[107.59701,15.38336],[107.63784,15.41531]]]]}},{"type":"Feature","properties":{"name":"Lai Châu","region":"tdmnpb","region_name":"Trung du và miền núi phía Bắc"},"geometry":{"type":"MultiPolygon","coordinates":[[[[103.33494,22.80576],[103.37137,22.7995],[103.43823,22.75559],[103.42804,22.71643],[103.45911,22.68219],[103.45721,22.65508],[103.53262,22.58385],[103.57226,22.57766],[103.59543,22.52501],[103.55522,22.47029],[103.60293,22.41108],[103.62665,22.39605],[103.74654,22.40817],[103.78077,22.34741],[103.76733,22.3116],[103.82718,22.26854],[103.84215,22.2258],[103.87292,22.19706],[103.86578,22.18073],[103.93797,22.13944],[103.9652,22.01317],[103.95308,21.99904],[103.98504,21.96696],[103.94374,21.91855],[103.919,21.9319],[103.88641,21.90604],[103.88974,21.86519],[103.96711,21.7698],[103.95277,21.74083],[103.91717,21.73612],[103.91675,21.69684],[103.88198,21.70862],[103.87964,21.6865],[103.85296,21.69164],[103.83312,21.74341],[103.80755,21.73742],[103.77883,21.77928],[103.75462,21.77964],[103.75893,21.8083],[103.72456,21.80627],[103.6969,21.82466],[103.72301,21.87932],[103.70501,21.88473],[103.68306,21.92085],[103.68932,21.94057],[103.66449,21.95229],[103.64991,21.99385],[103.54449,22.02992],[103.51157,22.01038],[103.4969,21.97012],[103.47538,21.97974],[103.45328,22.01125],[103.46911,22.02994],[103.42108,22.07263],[103.38839,22.15623],[103.33255,22.15344],[103.30819,22.11544],[103.28564,22.10779],[103.27254,22.07348],[103.2909,22.04953],[103.28352,22.03842],[103.17011,22.08052],[103.14397,22.06756],[103.1015,22.10227],[103.09355,22.05774],[103.00045,22.05209],[102.98575,22.02685],[102.93042,22.06872],[102.92508,22.10714],[102.92581,22.09145],[102.86856,22.07797],[102.86085,22.05953],[102.77778,22.08709],[102.78156,22.09999],[102.74019,22.14016],[102.75338,22.20771],[102.73815,22.23046],[102.67745,22.26259],[102.66187,22.2543],[102.69754,22.20938],[102.67342,22.16786],[102.61892,22.19803],[102.61939,22.23439],[102.58442,22.25545],[102.56355,22.26011],[102.54546,22.24252],[102.52187,22.25476],[102.44878,22.35793],[102.39109,22.40318],[102.39206,22.4589],[102.3473,22.49068],[102.34251,22.52854],[102.32218,22.54426],[102.32188,22.55737],[102.35539,22.56687],[102.34778,22.58997],[102.41827,22.63658],[102.38291,22.68223],[102.43468,22.70057],[102.45633,22.73338],[102.45225,22.75643],[102.49527,22.78047],[102.54901,22.74692],[102.56861,22.70485],[102.60614,22.73371],[102.65525,22.69052],[102.68867,22.70399],[102.78718,22.64375],[102.78703,22.62647],[102.86211,22.60819],[102.92859,22.4839],[102.98587,22.48041],[103.02979,22.44346],[103.07347,22.44827],[103.08004,22.50792],[103.18308,22.56017],[103.15784,22.59328],[103.17615,22.63024],[103.19326,22.6502],[103.22699,22.64708],[103.28294,22.68448],[103.28566,22.73747],[103.32031,22.78134],[103.31875,22.81586],[103.33494,22.80576]]]]}},{"type":"Feature","properties":{"name":"Lâm Đồng","region":"tn","region_name":"Tây Nguyên"},"geometry":{"type":"MultiPolygon","coordinates":[[[[108.70737,12.29838],[108.70047,12.24276],[108.72158,12.21807],[108.71102,12.19232],[108.72893,12.16213],[108.67314,12.11992],[108.71174,12.05689],[108.66201,11.96213],[108.65324,11.84445],[108.61899,11.80763],[108.67162,11.78574],[108.6669,11.75174],[108.7013,11.69986],[108.67014,11.66389],[108.55413,11.63187],[108.55286,11.60061],[108.58405,11.55575],[108.54412,11.50802],[108.49214,11.52925],[108.43119,11.5148],[108.3836,11.52494],[108.36252,11.50572],[108.32266,11.53128],[108.27851,11.51517],[108.25875,11.47182],[108.3074,11.41477],[108.1859,11.30698],[108.12264,11.28136],[108.11526,11.29303],[108.10588,11.26828],[108.05998,11.24446],[108.05667,11.21859],[108.04617,11.21557],[108.05281,11.2458],[108.02774,11.32628],[107.92765,11.35928],[107.73836,11.36662],[107.6831,11.32249],[107.60913,11.3443],[107.57543,11.38194],[107.53534,11.35489],[107.48808,11.39824],[107.4868,11.42937],[107.43064,11.42537],[107.4723,11.47687],[107.44174,11.51673],[107.42006,11.51139],[107.40253,11.52977],[107.36749,11.51773],[107.37909,11.54263],[107.36054,11.55554],[107.36147,11.58215],[107.3462,11.54333],[107.30488,11.56494],[107.30434,11.6177],[107.27038,11.63787],[107.26586,11.65895],[107.28845,11.72862],[107.37487,11.77108],[107.41605,11.74914],[107.43293,11.76595],[107.45711,11.7581],[107.50712,11.80377],[107.5514,11.79093],[107.61843,11.83874],[107.62909,11.86515],[107.67488,11.88657],[107.67245,11.91201],[107.6883,11.91943],[107.7283,11.9151],[107.7268,11.87037],[107.77148,11.84913],[107.83287,11.8777],[107.8934,11.87082],[107.89885,11.82569],[107.88817,11.82045],[107.92013,11.79691],[107.94754,11.82328],[107.97851,11.79037],[108.06718,11.83437],[108.11102,11.90092],[108.08388,11.91231],[108.06732,11.94807],[108.04617,11.95036],[108.04575,11.97506],[108.00722,12.02256],[108.01109,12.0521],[107.9634,12.06519],[107.98278,12.08046],[107.98949,12.12189],[108.00647,12.11603],[108.03628,12.14424],[108.08988,12.13512],[108.11228,12.14592],[108.11313,12.18399],[108.12286,12.17508],[108.1646,12.19673],[108.18652,12.17396],[108.22787,12.1825],[108.24202,12.16133],[108.27732,12.21419],[108.30027,12.20816],[108.34027,12.22832],[108.33615,12.24802],[108.43932,12.25021],[108.44262,12.27494],[108.46005,12.27573],[108.48317,12.30885],[108.51105,12.27686],[108.53778,12.28225],[108.54223,12.29732],[108.6186,12.28132],[108.68334,12.31761],[108.70737,12.29838]]]]}},{"type":"Feature","properties":{"name":"Lạng Sơn","region":"tdmnpb","region_name":"Trung du và miền núi phía Bắc"},"geometry":{"type":"MultiPolygon","coordinates":[[[[106.31906,22.40783],[106.33407,22.40981],[106.36194,22.35701],[106.39608,22.37364],[106.45383,22.35727],[106.48756,22.36914],[106.49116,22.40202],[106.51934,22.39829],[106.56104,22.42256],[106.5884,22.38344],[106.56026,22.34827],[106.65983,22.33394],[106.66658,22.28929],[106.69116,22.2787],[106.7021,22.22607],[106.66961,22.1858],[106.70611,22.15907],[106.69014,22.13843],[106.71201,22.0975],[106.69714,22.04989],[106.70834,22.02526],[106.68316,21.99565],[106.6992,21.96765],[106.73769,22.00829],[106.76554,22.01241],[106.81188,21.97382],[106.86126,21.985],[106.91785,21.97532],[106.93034,21.93124],[106.95275,21.93376],[106.96149,21.91961],[106.99405,21.9537],[107.06068,21.93235],[107.06361,21.89347],[107.0224,21.86511],[107.04109,21.85462],[107.02462,21.82177],[107.08643,21.80892],[107.23326,21.707],[107.297,21.74286],[107.32235,21.7256],[107.3608,21.66306],[107.36241,21.59967],[107.29569,21.59343],[107.27964,21.56467],[107.20467,21.5412],[107.23317,21.51939],[107.24619,21.48261],[107.24203,21.43425],[107.26477,21.39955],[107.25374,21.36658],[107.21659,21.38888],[107.17007,21.36334],[107.10192,21.37671],[107.07866,21.34649],[107.03092,21.3252],[106.9875,21.35999],[106.98603,21.40211],[107.0039,21.42143],[106.99092,21.43616],[106.95416,21.42318],[106.94262,21.43494],[106.92925,21.42631],[106.92717,21.44096],[106.91175,21.43032],[106.89158,21.45146],[106.90237,21.47079],[106.88996,21.49017],[106.84297,21.49451],[106.8399,21.51273],[106.86614,21.53369],[106.84382,21.55963],[106.80645,21.55939],[106.78629,21.57695],[106.75989,21.57048],[106.75617,21.54193],[106.74247,21.5422],[106.69937,21.57242],[106.70253,21.59312],[106.6701,21.60905],[106.55736,21.5936],[106.50754,21.52371],[106.52115,21.49901],[106.49466,21.48236],[106.48284,21.44864],[106.41819,21.43733],[106.40463,21.42711],[106.41507,21.40795],[106.37832,21.39376],[106.32508,21.40935],[106.32846,21.44728],[106.28281,21.45268],[106.2878,21.49155],[106.24416,21.48236],[106.16827,21.51231],[106.16926,21.59591],[106.19719,21.61916],[106.19123,21.64565],[106.2263,21.68146],[106.23794,21.71828],[106.14977,21.76117],[106.13703,21.78512],[106.10618,21.79031],[106.09505,21.82117],[106.11789,21.84321],[106.11351,21.89052],[106.13194,21.91909],[106.09842,21.93801],[106.11556,21.97786],[106.09948,22.06896],[106.12169,22.08471],[106.15704,22.08187],[106.19122,22.14344],[106.23438,22.18059],[106.2218,22.20834],[106.24683,22.25815],[106.20033,22.31137],[106.22025,22.35046],[106.18488,22.38732],[106.20103,22.4316],[106.24194,22.45989],[106.31906,22.40783]]]]}},{"type":"Feature","properties":{"name":"Lào Cai","region":"tdmnpb","region_name":"Trung du và miền núi phía Bắc"},"geometry":{"type":"MultiPolygon","coordinates":[[[[104.26637,22.84085],[104.25687,22.77878],[104.26918,22.74132],[104.33824,22.72198],[104.33559,22.68857],[104.36225,22.67299],[104.39854,22.68043],[104.41854,22.6311],[104.45973,22.61184],[104.46189,22.57322],[104.42354,22.57403],[104.41269,22.53029],[104.47179,22.48562],[104.44616,22.46195],[104.46632,22.42534],[104.54975,22.38088],[104.5538,22.35386],[104.57947,22.34877],[104.56437,22.33158],[104.57876,22.30392],[104.54217,22.27642],[104.55052,22.24265],[104.58544,22.25122],[104.59153,22.22028],[104.62886,22.21896],[104.61545,22.20644],[104.62588,22.17248],[104.58346,22.17714],[104.58429,22.11236],[104.56334,22.0872],[104.42843,22.19798],[104.38461,22.17643],[104.40623,22.11703],[104.37964,22.09114],[104.37992,22.06825],[104.41583,22.02534],[104.43247,21.94744],[104.35567,21.8766],[104.32488,21.91829],[104.28376,21.9403],[104.25721,21.93179],[104.21316,21.94913],[104.23102,21.902],[104.19736,21.88865],[103.99993,21.92508],[103.99498,21.95792],[103.95308,21.99904],[103.9652,22.01317],[103.93797,22.13944],[103.86578,22.18073],[103.87292,22.19706],[103.84215,22.2258],[103.82718,22.26854],[103.76733,22.3116],[103.78189,22.33802],[103.76379,22.39199],[103.72983,22.41621],[103.62665,22.39605],[103.60528,22.40851],[103.55522,22.47029],[103.59557,22.52616],[103.57191,22.57813],[103.5274,22.59542],[103.57994,22.66421],[103.56458,22.70579],[103.64043,22.79675],[103.75029,22.68907],[103.76708,22.69107],[103.87579,22.56627],[103.97833,22.50739],[104.01217,22.52341],[104.00535,22.57608],[104.03106,22.64336],[104.02208,22.67377],[104.04936,22.73664],[104.12116,22.81278],[104.26637,22.84085]]]]}},{"type":"Feature","properties":{"name":"Long An","region":"dbscl","region_name":"Đồng bằng sông Cửu Long"},"geometry":{"type":"MultiPolygon","coordinates":[[[[105.78148,11.02698],[105.86065,10.90614],[105.84987,10.86357],[105.93602,10.83891],[105.93209,10.86667],[105.95756,10.88388],[105.9444,10.91572],[106.07326,10.81323],[106.16161,10.81461],[106.19058,10.78997],[106.18707,10.841],[106.13577,10.91477],[106.14955,10.94093],[106.14313,10.97675],[106.16075,10.98177],[106.17873,10.96281],[106.24145,10.98632],[106.27311,10.98079],[106.28692,10.99237],[106.2715,11.01756],[106.29567,11.02593],[106.35137,10.9986],[106.37338,10.96966],[106.41117,10.97388],[106.53553,10.90256],[106.50111,10.78608],[106.46375,10.75645],[106.48693,10.73048],[106.52999,10.71743],[106.557,10.64949],[106.60581,10.65784],[106.62975,10.62669],[106.68536,10.6565],[106.72262,10.64482],[106.73334,10.62929],[106.72076,10.59541],[106.74584,10.57626],[106.73708,10.49824],[106.68237,10.43997],[106.66231,10.4434],[106.64738,10.48379],[106.62739,10.4519],[106.58544,10.43561],[106.58288,10.4164],[106.55804,10.41315],[106.52966,10.43388],[106.45699,10.39562],[106.45238,10.41301],[106.42585,10.41149],[106.41408,10.43116],[106.45286,10.45216],[106.415,10.48933],[106.37974,10.48032],[106.34799,10.54436],[106.28634,10.58665],[106.10133,10.57558],[106.10244,10.52262],[105.91006,10.53845],[105.83434,10.63836],[105.78084,10.65859],[105.59577,10.83068],[105.61247,10.83207],[105.58323,10.89214],[105.51588,10.92272],[105.49904,10.95355],[105.66761,10.98763],[105.72985,11.02543],[105.78148,11.02698]]]]}},{"type":"Feature","properties":{"name":"Nam Định","region":"dbsh","region_name":"Đồng bằng sông Hồng"},"geometry":{"type":"MultiPolygon","coordinates":[[[[106.14639,20.46889],[106.21271,20.47781],[106.22607,20.464],[106.21532,20.41592],[106.28383,20.3962],[106.2533,20.35402],[106.2606,20.32814],[106.33944,20.37735],[106.4399,20.29492],[106.47304,20.29029],[106.52735,20.31655],[106.56365,20.28055],[106.54709,20.26223],[106.56661,20.27265],[106.57811,20.26111],[106.55341,20.22411],[106.53963,20.26432],[106.54429,20.23919],[106.40534,20.20633],[106.35542,20.178],[106.35397,20.18917],[106.3564,20.17301],[106.17992,19.97061],[106.15816,19.95223],[106.13848,19.96746],[106.10649,19.95704],[106.12599,19.95547],[106.11468,19.93898],[106.09502,19.96741],[106.11444,20.04588],[106.14072,20.06484],[106.16791,20.13106],[106.1513,20.22556],[106.10774,20.21673],[106.09182,20.25554],[106.04884,20.21755],[106.02963,20.23605],[106.04888,20.24267],[106.04502,20.25446],[105.98274,20.26276],[105.98276,20.29545],[105.9367,20.32818],[105.95383,20.35317],[105.93756,20.35689],[105.92426,20.39582],[105.97424,20.42333],[105.97797,20.44121],[105.99409,20.42914],[105.99699,20.39556],[106.02868,20.40131],[106.02034,20.41772],[106.0445,20.4696],[106.1005,20.45544],[106.09938,20.48594],[106.11503,20.49593],[106.14048,20.49383],[106.14639,20.46889]]]]}},{"type":"Feature","properties":{"name":"Nghệ An","region":"btb","region_name":"Bắc Trung Bộ"},"geometry":{"type":"MultiPolygon","coordinates":[[[[104.92829,19.98962],[104.95908,19.99315],[104.96581,19.97563],[105.04592,19.93165],[105.09286,19.93951],[105.1732,19.91362],[105.18772,19.86259],[105.1492,19.85563],[105.13138,19.826],[105.13354,19.74392],[105.16239,19.72212],[105.16539,19.68435],[105.23533,19.64504],[105.24666,19.65673],[105.28336,19.60283],[105.26768,19.5299],[105.29308,19.4753],[105.33427,19.5336],[105.35315,19.53804],[105.39578,19.44994],[105.47866,19.44484],[105.52337,19.46404],[105.58954,19.37093],[105.62764,19.3806],[105.68718,19.30095],[105.74206,19.32317],[105.76722,19.29233],[105.80128,19.30132],[105.77045,19.23379],[105.7577,19.22475],[105.75152,19.24087],[105.73562,19.21366],[105.73786,19.10435],[105.65532,19.08618],[105.61281,18.98615],[105.63536,18.89879],[105.71845,18.84957],[105.7169,18.82227],[105.75905,18.76713],[105.74199,18.74014],[105.76772,18.67482],[105.71593,18.66752],[105.67058,18.57857],[105.59947,18.57713],[105.58417,18.559],[105.54501,18.55312],[105.50558,18.6091],[105.47832,18.61425],[105.39827,18.57915],[105.36046,18.58121],[105.29419,18.62238],[105.25836,18.61562],[105.23033,18.5884],[105.19071,18.60009],[105.19568,18.64763],[105.13851,18.68178],[105.13369,18.71458],[105.05094,18.70645],[105.0591,18.72392],[105.02081,18.73066],[105.02199,18.748],[104.94261,18.73859],[104.93852,18.77271],[104.91316,18.79066],[104.85698,18.77368],[104.79716,18.78313],[104.78403,18.8024],[104.7387,18.80087],[104.71495,18.8405],[104.67702,18.83759],[104.62838,18.88781],[104.57922,18.90181],[104.5301,18.98546],[104.51248,18.98189],[104.48374,19.00516],[104.44817,18.98649],[104.42141,19.00686],[104.39997,19.05748],[104.31165,19.08812],[104.28254,19.11924],[104.21595,19.11882],[104.22619,19.15373],[104.20054,19.16266],[104.18148,19.1977],[104.13087,19.20311],[104.11351,19.22247],[104.1034,19.21303],[104.07143,19.24668],[103.99958,19.23053],[103.91641,19.30237],[103.87448,19.30713],[103.8829,19.32522],[103.95218,19.35809],[103.9751,19.39881],[104.05011,19.42602],[104.06979,19.41656],[104.07622,19.44827],[104.06541,19.45326],[104.09509,19.49042],[104.12321,19.49802],[104.10373,19.52358],[104.10825,19.56835],[104.06296,19.61172],[104.07091,19.68247],[104.13704,19.66161],[104.1579,19.67165],[104.16326,19.69658],[104.17608,19.68796],[104.23624,19.70754],[104.30568,19.69685],[104.31991,19.6672],[104.34847,19.69075],[104.41634,19.70651],[104.42625,19.67255],[104.44779,19.6709],[104.45389,19.65199],[104.4921,19.65296],[104.52719,19.61328],[104.56025,19.60899],[104.61098,19.6338],[104.64235,19.62252],[104.67099,19.68502],[104.66339,19.70177],[104.70138,19.7369],[104.72535,19.75532],[104.75714,19.74991],[104.76392,19.77559],[104.79932,19.79038],[104.83287,19.79148],[104.84952,19.84297],[104.83595,19.85312],[104.85042,19.87145],[104.8445,19.92567],[104.89819,19.9602],[104.92032,19.99761],[104.92829,19.98962]]]]}},{"type":"Feature","properties":{"name":"Ninh Bình","region":"dbsh","region_name":"Đồng bằng sông Hồng"},"geometry":{"type":"MultiPolygon","coordinates":[[[[105.80084,20.43738],[105.82917,20.41651],[105.85745,20.42674],[105.89998,20.37544],[105.95342,20.35427],[105.93695,20.32772],[105.98276,20.29545],[105.98274,20.26276],[106.04704,20.25253],[106.02951,20.23773],[106.04263,20.22047],[106.0691,20.22459],[106.09182,20.25554],[106.10774,20.21673],[106.1513,20.22556],[106.16791,20.13106],[106.14072,20.06484],[106.11444,20.04588],[106.08325,19.92209],[106.06515,19.91747],[106.0251,19.96992],[106.02952,19.99601],[106.05936,20.01541],[106.07271,20.06607],[105.96106,20.06605],[105.92048,20.10469],[105.74068,20.18546],[105.65049,20.27333],[105.55,20.33363],[105.54285,20.36268],[105.58211,20.36914],[105.68836,20.3061],[105.72891,20.33897],[105.68613,20.41015],[105.71909,20.40777],[105.75662,20.36709],[105.75161,20.43916],[105.78075,20.43633],[105.79207,20.45464],[105.80084,20.43738]]]]}},{"type":"Feature","properties":{"name":"Ninh Thuận","region":"dhntb","region_name":"Duyên hải Nam Trung Bộ"},"geometry":{"type":"MultiPolygon","coordinates":[[[[108.77869,12.16695],[108.80861,12.05978],[108.79915,12.04474],[108.85322,12.01771],[108.85076,11.96458],[109.03638,11.9089],[109.0962,11.8131],[109.19506,11.81158],[109.18676,11.79308],[109.23086,11.74737],[109.22975,11.72242],[109.19513,11.72322],[109.20382,11.70734],[109.12948,11.56362],[109.09243,11.58764],[109.05803,11.58351],[109.03636,11.60621],[109.04819,11.5896],[109.02665,11.57741],[109.03367,11.54739],[109.01181,11.50871],[109.00635,11.392],[109.02026,11.36224],[108.93352,11.30688],[108.8864,11.3372],[108.86601,11.33266],[108.8741,11.35339],[108.84447,11.37715],[108.75778,11.41157],[108.76018,11.47046],[108.68122,11.47301],[108.64396,11.55026],[108.58405,11.55575],[108.55248,11.6026],[108.56314,11.64212],[108.67014,11.66389],[108.7013,11.69986],[108.6669,11.75174],[108.67162,11.78574],[108.61899,11.80763],[108.65324,11.84445],[108.66201,11.96213],[108.71174,12.05689],[108.6734,12.12208],[108.7056,12.15404],[108.76743,12.1518],[108.77869,12.16695]]]]}},{"type":"Feature","properties":{"name":"Phú Thọ","region":"tdmnpb","region_name":"Trung du và miền núi phía Bắc"},"geometry":{"type":"MultiPolygon","coordinates":[[[[105.10436,21.70846],[105.2342,21.65875],[105.22517,21.62925],[105.24882,21.61225],[105.24913,21.58344],[105.27473,21.55912],[105.26799,21.54449],[105.29585,21.53388],[105.30113,21.50926],[105.32473,21.50892],[105.34224,21.42213],[105.39028,21.42645],[105.39627,21.35747],[105.45664,21.30947],[105.44915,21.26476],[105.39857,21.30359],[105.35436,21.29016],[105.34219,21.20837],[105.2852,21.16551],[105.32015,21.1122],[105.29525,21.0423],[105.34449,20.94329],[105.31258,20.92397],[105.27624,20.92494],[105.24799,20.94566],[105.20385,20.91702],[105.1942,20.93019],[105.20761,20.95147],[105.19242,20.95831],[105.16027,20.93907],[105.12173,20.942],[105.05454,21.01062],[105.01837,21.01515],[105.00791,21.03888],[104.91195,21.06616],[104.92563,21.08575],[104.91125,21.11813],[104.85249,21.15286],[104.86451,21.20759],[104.8444,21.2269],[104.8553,21.23329],[104.84358,21.30942],[104.81359,21.33342],[104.84977,21.33902],[104.85458,21.36451],[104.8837,21.34209],[104.90048,21.3503],[104.88223,21.38812],[104.90819,21.414],[104.91127,21.44837],[104.86799,21.54856],[104.89783,21.56435],[104.88848,21.61047],[104.90581,21.60906],[104.90842,21.63213],[104.95389,21.66087],[104.97212,21.64664],[104.99947,21.6877],[105.03263,21.70102],[105.09385,21.67993],[105.08589,21.71823],[105.10436,21.70846]]]]}},{"type":"Feature","properties":{"name":"Phú Yên","region":"dhntb","region_name":"Duyên hải Nam Trung Bộ"},"geometry":{"type":"MultiPolygon","coordinates":[[[[109.20608,13.68369],[109.23269,13.67137],[109.22537,13.64263],[109.24894,13.59961],[109.29763,13.56916],[109.27738,13.55169],[109.28545,13.53015],[109.27149,13.53238],[109.27141,13.55649],[109.24835,13.57172],[109.207,13.65111],[109.1944,13.61539],[109.22386,13.60573],[109.2463,13.55438],[109.26915,13.55463],[109.24701,13.52466],[109.28619,13.50954],[109.29318,13.52759],[109.29781,13.47456],[109.33032,13.46452],[109.29583,13.40532],[109.25821,13.42685],[109.29011,13.45921],[109.24508,13.49221],[109.22837,13.48585],[109.21977,13.44737],[109.23882,13.42875],[109.21515,13.39392],[109.24385,13.3887],[109.26344,13.34978],[109.26993,13.36409],[109.29494,13.36358],[109.29929,13.33466],[109.28071,13.33463],[109.27975,13.31642],[109.31634,13.25557],[109.29339,13.21659],[109.30644,13.18734],[109.29459,13.14398],[109.41983,12.95231],[109.40804,12.9494],[109.42788,12.94497],[109.3925,12.98829],[109.4557,12.91405],[109.45965,12.88231],[109.45347,12.86039],[109.428,12.84755],[109.43499,12.88178],[109.3884,12.84298],[109.36607,12.86823],[109.31893,12.83566],[109.25506,12.8379],[109.22791,12.81261],[109.20731,12.82801],[109.16728,12.8272],[109.14427,12.78162],[109.11662,12.79875],[109.0866,12.74508],[109.0392,12.74567],[108.99133,12.70541],[108.98778,12.78142],[108.96713,12.81649],[108.93994,12.80529],[108.86851,12.81706],[108.84999,12.85459],[108.81581,12.87685],[108.79066,12.87114],[108.75345,12.94449],[108.70553,12.94199],[108.70573,12.96499],[108.67401,12.99021],[108.69347,13.01642],[108.75572,13.03251],[108.76234,13.13508],[108.84027,13.16317],[108.87336,13.28003],[108.80923,13.35758],[108.79385,13.47438],[108.73734,13.45869],[108.71392,13.46413],[108.70363,13.48704],[108.74901,13.5663],[108.76734,13.56117],[108.78535,13.57756],[108.85056,13.56874],[108.86768,13.5351],[108.92006,13.54028],[108.959,13.51508],[108.99682,13.51681],[109.02699,13.52988],[109.0531,13.56959],[109.11628,13.58433],[109.12017,13.64192],[109.15221,13.63405],[109.15571,13.67849],[109.19838,13.69512],[109.20608,13.68369]]]]}},{"type":"Feature","properties":{"name":"Quảng Bình","region":"btb","region_name":"Bắc Trung Bộ"},"geometry":{"type":"MultiPolygon","coordinates":[[[[106.61592,17.89553],[106.60077,17.90708],[106.61484,17.91116],[106.61592,17.89553]]],[[[105.91812,18.08101],[105.93283,18.08905],[105.95257,18.05771],[105.98544,18.06416],[106.02213,18.02439],[106.04689,18.02812],[106.07808,17.98868],[106.04576,17.94631],[106.13161,17.92062],[106.24032,17.92973],[106.28412,17.91067],[106.28889,17.943],[106.34047,17.99138],[106.43554,17.97274],[106.45035,17.94975],[106.51077,17.95999],[106.51569,17.9413],[106.46954,17.90249],[106.44346,17.83578],[106.5115,17.66302],[106.70148,17.39834],[106.99092,17.16462],[106.93624,17.10984],[106.86125,17.07712],[106.87511,17.05461],[106.85771,17.035],[106.81052,17.03449],[106.80471,16.99264],[106.77218,16.96101],[106.77213,16.93057],[106.74337,16.92202],[106.68642,16.9567],[106.66008,16.93648],[106.60745,16.93929],[106.58669,16.97201],[106.59319,16.98626],[106.56306,16.98785],[106.54905,17.00928],[106.51644,16.97166],[106.43889,16.99549],[106.40229,17.05222],[106.41663,17.07835],[106.37417,17.11058],[106.32739,17.19863],[106.30352,17.20813],[106.33478,17.23215],[106.30909,17.23969],[106.31873,17.24651],[106.30429,17.29484],[106.27736,17.29595],[106.27595,17.26262],[106.25077,17.24395],[106.23412,17.25071],[106.08965,17.36261],[105.85354,17.63314],[105.83644,17.62976],[105.82853,17.65473],[105.81799,17.64407],[105.7814,17.67575],[105.75084,17.6688],[105.74376,17.72216],[105.72999,17.72194],[105.73035,17.74457],[105.67617,17.79468],[105.68331,17.83375],[105.60906,17.89129],[105.64348,17.99223],[105.70599,17.99243],[105.73876,18.03676],[105.77773,18.01706],[105.82897,18.03172],[105.81987,18.06062],[105.87238,18.06697],[105.89531,18.08983],[105.91812,18.08101]]]]}},{"type":"Feature","properties":{"name":"Quảng Nam","region":"dhntb","region_name":"Duyên hải Nam Trung Bộ"},"geometry":{"type":"MultiPolygon","coordinates":[[[[108.50942,15.96885],[108.53737,15.9561],[108.5396,15.92294],[108.48342,15.96538],[108.50252,15.97833],[108.50942,15.96885]]],[[[107.79353,16.06359],[107.81102,16.05303],[107.86244,16.06165],[107.90253,16.03405],[107.96361,16.06502],[107.95831,16.03664],[107.98314,16.01144],[107.98131,15.99039],[107.94977,15.94879],[107.98571,15.91881],[108.04094,15.93464],[108.08187,15.92568],[108.1097,15.94782],[108.13876,15.93064],[108.15315,15.95397],[108.17872,15.93967],[108.18539,15.96581],[108.20595,15.96174],[108.21087,15.9429],[108.24691,15.97493],[108.2707,15.96015],[108.28943,15.96746],[108.32801,15.92305],[108.40753,15.87173],[108.42092,15.79818],[108.51901,15.63882],[108.61986,15.51392],[108.64968,15.49439],[108.68073,15.50971],[108.67435,15.4862],[108.69212,15.48189],[108.69715,15.44077],[108.73873,15.39916],[108.71559,15.3714],[108.6422,15.36798],[108.48472,15.30827],[108.43925,15.31206],[108.42988,15.32611],[108.40231,15.3005],[108.31479,15.29852],[108.3029,15.25857],[108.28136,15.24356],[108.30863,15.22216],[108.29148,15.19748],[108.30644,15.17435],[108.25724,15.11644],[108.25599,15.08956],[108.23522,15.07839],[108.24161,15.03523],[108.22044,15.02959],[108.16063,15.06066],[108.14652,15.04537],[108.16278,14.9745],[108.14864,14.96247],[108.08887,14.95125],[108.04703,14.99237],[107.97184,15.01228],[107.9517,15.05319],[108.00266,15.11997],[107.99966,15.15619],[107.95132,15.17509],[107.92724,15.20967],[107.89129,15.19302],[107.87198,15.21023],[107.73674,15.2293],[107.73041,15.30823],[107.70778,15.30344],[107.69299,15.31733],[107.63784,15.41531],[107.60313,15.42093],[107.56144,15.39474],[107.5189,15.41554],[107.52693,15.44233],[107.51417,15.47266],[107.47931,15.47777],[107.47109,15.49757],[107.38228,15.4938],[107.36465,15.56944],[107.34315,15.5747],[107.35308,15.58966],[107.34288,15.61358],[107.27569,15.63429],[107.26427,15.65682],[107.27627,15.70764],[107.25183,15.7205],[107.24901,15.74424],[107.21319,15.74068],[107.22949,15.78438],[107.21072,15.82719],[107.32759,15.88949],[107.39935,15.89468],[107.47696,16.03461],[107.49283,16.03996],[107.51271,16.01597],[107.54727,16.01057],[107.56101,16.05011],[107.61991,16.06394],[107.62085,16.03227],[107.7051,15.99503],[107.72725,16.03094],[107.77401,16.06673],[107.79353,16.06359]]]]}},{"type":"Feature","properties":{"name":"Quảng Ngãi","region":"dhntb","region_name":"Duyên hải Nam Trung Bộ"},"geometry":{"type":"MultiPolygon","coordinates":[[[[109.12126,15.38961],[109.14249,15.37743],[109.09649,15.37527],[109.0992,15.38951],[109.12126,15.38961]]],[[[108.8023,15.41746],[108.82764,15.41761],[108.8289,15.37616],[108.8513,15.34834],[108.87094,15.35067],[108.86637,15.33353],[108.88425,15.32542],[108.87003,15.29972],[108.89278,15.26485],[108.94086,15.24358],[108.93521,15.21611],[108.89578,15.19087],[108.9037,15.07615],[108.97447,14.87223],[109.07714,14.70482],[109.08328,14.67037],[109.06457,14.65571],[109.08228,14.58041],[109.04882,14.60373],[109.01671,14.66573],[108.97804,14.6707],[108.92857,14.70305],[108.88828,14.68323],[108.83833,14.69381],[108.81317,14.67034],[108.76964,14.67712],[108.75808,14.59498],[108.73515,14.58879],[108.70475,14.61463],[108.69604,14.59532],[108.64008,14.56556],[108.64139,14.54804],[108.60752,14.53402],[108.5963,14.56313],[108.54899,14.58545],[108.52699,14.62335],[108.4809,14.62856],[108.51235,14.68339],[108.49662,14.69988],[108.52887,14.74569],[108.5184,14.7727],[108.49382,14.80056],[108.45742,14.7905],[108.38548,14.83606],[108.36435,14.88153],[108.32292,14.91168],[108.31285,14.94619],[108.23839,15.03192],[108.23522,15.07839],[108.25599,15.08956],[108.25724,15.11644],[108.30644,15.17435],[108.29148,15.19748],[108.30863,15.22216],[108.28136,15.24356],[108.31908,15.30136],[108.40231,15.3005],[108.42988,15.32611],[108.43925,15.31206],[108.48472,15.30827],[108.6422,15.36798],[108.71559,15.3714],[108.73873,15.39916],[108.79077,15.39017],[108.80727,15.40169],[108.8023,15.41746]]]]}},{"type":"Feature","properties":{"name":"Quảng Ninh","region":"dbsh","region_name":"Đồng bằng sông Hồng"},"geometry":{"type":"MultiPolygon","coordinates":[[[[107.84633,21.33947],[107.91011,21.3627],[107.94784,21.35734],[108.00393,21.39757],[107.84406,21.37385],[107.82908,21.36449],[107.88183,21.36905],[107.84647,21.34702],[107.84988,21.35757],[107.84633,21.33947]]],[[[107.70481,21.30124],[107.73672,21.31591],[107.73136,21.30266],[107.74639,21.30314],[107.81959,21.35652],[107.70481,21.30124]]],[[[107.55903,21.25438],[107.58792,21.26249],[107.55942,21.27531],[107.54671,21.26756],[107.55903,21.25438]]],[[[107.60938,21.23301],[107.64309,21.2605],[107.59146,21.23788],[107.61402,21.24339],[107.60938,21.23301]]],[[[107.96104,21.22924],[107.97856,21.22998],[107.97516,21.24803],[107.94758,21.23835],[107.96104,21.22924]]],[[[107.37761,21.20178],[107.42169,21.22587],[107.43435,21.25284],[107.39659,21.24906],[107.37761,21.20178]]],[[[107.6569,21.13837],[107.68053,21.2154],[107.66229,21.1906],[107.6569,21.13837]]],[[[107.56353,21.11865],[107.58165,21.13784],[107.56332,21.13641],[107.56353,21.11865]]],[[[107.53886,21.06451],[107.56239,21.08171],[107.54294,21.08773],[107.57106,21.08429],[107.58002,21.12096],[107.55397,21.11834],[107.5351,21.09503],[107.5249,21.07893],[107.53886,21.06451]]],[[[107.38332,21.04074],[107.42948,21.05993],[107.45339,21.09329],[107.47159,21.08971],[107.51378,21.14809],[107.53592,21.15935],[107.54079,21.1433],[107.56462,21.16019],[107.61075,21.21876],[107.5348,21.18946],[107.52568,21.22473],[107.45883,21.27503],[107.45687,21.25196],[107.47197,21.25118],[107.45392,21.2505],[107.46658,21.21479],[107.4567,21.20677],[107.48188,21.19544],[107.48142,21.18147],[107.44626,21.18426],[107.44739,21.16241],[107.41994,21.16966],[107.44393,21.14823],[107.43038,21.12405],[107.40019,21.11585],[107.38166,21.08238],[107.38332,21.04074]]],[[[107.4954,21.03977],[107.53276,21.05269],[107.53278,21.07169],[107.4954,21.03977]]],[[[107.763,21.03265],[107.78291,21.03811],[107.77954,21.05083],[107.763,21.03265]]],[[[107.81841,20.98327],[107.86405,21.02832],[107.85992,21.04242],[107.82417,21.02875],[107.80507,20.99535],[107.81841,20.98327]]],[[[107.28879,20.9822],[107.2977,20.98827],[107.28227,20.99092],[107.28879,20.9822]]],[[[107.56512,20.97018],[107.63135,21.125],[107.58665,21.06883],[107.5903,21.03272],[107.57336,21.02078],[107.56512,20.97018]]],[[[107.73902,20.94418],[107.77941,20.97022],[107.76973,20.9881],[107.75907,20.98222],[107.7631,20.99886],[107.78613,20.98937],[107.7492,21.02381],[107.73175,21.00463],[107.763,20.96909],[107.73902,20.94418]]],[[[107.34826,20.92493],[107.38654,20.96563],[107.35089,20.93407],[107.31018,20.93825],[107.34826,20.92493]]],[[[106.99062,20.9156],[106.99157,20.94022],[106.97599,20.93436],[106.99062,20.9156]]],[[[106.90142,20.90555],[106.92688,20.9113],[106.92851,20.9298],[106.90498,20.95318],[106.9181,20.95975],[106.87963,20.9862],[106.9035,20.95833],[106.90399,20.93634],[106.8877,20.92902],[106.90142,20.90555]]],[[[107.35569,20.90044],[107.41972,20.92016],[107.45451,20.96753],[107.42061,20.94842],[107.40701,20.92028],[107.34499,20.90569],[107.35569,20.90044]]],[[[107.50344,20.89408],[107.5181,20.91486],[107.47887,20.89607],[107.50344,20.89408]]],[[[107.39479,20.89095],[107.51762,20.92449],[107.55189,20.99495],[107.55196,21.0448],[107.53653,21.0086],[107.53687,21.04122],[107.51048,21.00062],[107.50981,21.01747],[107.47772,20.98524],[107.49221,20.97932],[107.49056,20.95624],[107.39479,20.89095]]],[[[107.43038,20.8844],[107.45215,20.89867],[107.41588,20.89297],[107.43038,20.8844]]],[[[107.20544,20.86447],[107.21057,20.87577],[107.18294,20.88175],[107.20544,20.86447]]],[[[107.36577,20.8584],[107.39078,20.86454],[107.3727,20.87639],[107.39392,20.88431],[107.33079,20.89528],[107.33057,20.87603],[107.33987,20.8873],[107.36577,20.8584]]],[[[107.27268,20.83355],[107.29618,20.84534],[107.27973,20.85414],[107.27268,20.83355]]],[[[106.84276,20.81957],[106.87161,20.83526],[106.85424,20.86494],[106.88306,20.93192],[106.85588,20.95758],[106.85123,20.99579],[106.89318,20.99517],[106.88891,20.97633],[106.93634,20.95118],[106.97987,20.95081],[106.99583,20.9674],[106.98981,20.95365],[107.03153,20.94636],[107.06361,20.96265],[106.99861,20.99458],[106.99277,21.02273],[107.0168,20.99338],[107.04403,20.99939],[107.03568,21.02439],[107.04739,20.99964],[107.06003,21.01305],[107.05483,20.99267],[107.12815,21.02502],[107.14438,21.01972],[107.11733,21.01075],[107.06706,20.95631],[107.14762,20.93118],[107.16546,20.94361],[107.15491,20.92417],[107.17148,20.94008],[107.19042,20.93536],[107.17612,20.94975],[107.18954,20.9449],[107.22587,20.97576],[107.22129,20.99282],[107.35668,21.00163],[107.37248,21.02471],[107.35069,21.07916],[107.37646,21.08504],[107.36749,21.10006],[107.39074,21.12905],[107.38077,21.16809],[107.35752,21.15386],[107.36941,21.3147],[107.40293,21.30189],[107.42076,21.26853],[107.41434,21.29798],[107.45348,21.28459],[107.42923,21.30446],[107.45037,21.30818],[107.44672,21.3237],[107.51233,21.29876],[107.50541,21.31476],[107.52449,21.32229],[107.52567,21.34034],[107.60834,21.2969],[107.59795,21.30698],[107.61191,21.3393],[107.62829,21.33624],[107.63882,21.38158],[107.67255,21.3836],[107.66125,21.40068],[107.67454,21.41457],[107.68214,21.40271],[107.7133,21.4138],[107.75461,21.4043],[107.74792,21.4412],[107.76997,21.44244],[107.80279,21.483],[107.77357,21.506],[107.7468,21.50252],[107.77716,21.52451],[107.80033,21.51088],[107.8389,21.52556],[107.84002,21.50192],[107.85813,21.52757],[107.87976,21.50659],[107.88929,21.52855],[107.91802,21.52544],[107.92413,21.50154],[107.95779,21.49388],[107.93033,21.46551],[107.95971,21.47592],[107.96453,21.49318],[107.99027,21.4848],[107.96852,21.43311],[108.01201,21.47303],[108.06871,21.49316],[108.01353,21.48651],[108.00484,21.52735],[108.02371,21.52554],[108.00306,21.54094],[108.03663,21.54578],[107.95456,21.53708],[107.94265,21.56958],[107.92424,21.5892],[107.89915,21.58798],[107.88793,21.62596],[107.85805,21.6547],[107.84187,21.64138],[107.78299,21.6556],[107.67605,21.60902],[107.59231,21.6057],[107.57595,21.61776],[107.5419,21.58914],[107.48306,21.59889],[107.49756,21.6347],[107.46226,21.66368],[107.41758,21.64053],[107.38281,21.59591],[107.29671,21.5938],[107.27964,21.56467],[107.20708,21.5446],[107.24619,21.48261],[107.24203,21.43425],[107.26477,21.39955],[107.25374,21.36658],[107.21659,21.38888],[107.17007,21.36334],[107.09961,21.37565],[107.07866,21.34649],[107.03092,21.3252],[107.01994,21.2992],[106.97327,21.2845],[106.97845,21.22633],[106.93599,21.16928],[106.91623,21.1843],[106.87213,21.17408],[106.8269,21.18806],[106.83331,21.15244],[106.79365,21.14923],[106.64165,21.18055],[106.638,21.16854],[106.6102,21.17097],[106.58127,21.19228],[106.54359,21.19185],[106.52556,21.22432],[106.50135,21.2242],[106.48548,21.12971],[106.44116,21.11667],[106.44738,21.06998],[106.51708,21.06024],[106.51612,21.04623],[106.5763,21.05726],[106.62413,21.01226],[106.65089,21.01931],[106.75092,20.99532],[106.76712,20.97734],[106.77041,20.91906],[106.84276,20.81957]]],[[[107.47146,20.81472],[107.49621,20.86736],[107.55959,20.93339],[107.55879,20.96828],[107.50724,20.88192],[107.47654,20.88529],[107.49229,20.87154],[107.47146,20.81472]]],[[[107.38073,20.79433],[107.3832,20.82842],[107.35254,20.83704],[107.35022,20.82092],[107.3344,20.85361],[107.34444,20.80493],[107.38073,20.79433]]],[[[107.41032,20.76883],[107.42186,20.79719],[107.40677,20.8088],[107.41032,20.76883]]]]}},{"type":"Feature","properties":{"name":"Quảng Trị","region":"btb","region_name":"Bắc Trung Bộ"},"geometry":{"type":"MultiPolygon","coordinates":[[[[107.0734,17.10914],[107.11569,17.08451],[107.11126,17.01317],[107.16446,16.93632],[107.3881,16.74275],[107.3187,16.66199],[107.32847,16.64211],[107.32184,16.65326],[107.30639,16.64052],[107.32585,16.60308],[107.28654,16.57546],[107.27042,16.56652],[107.24726,16.5866],[107.20072,16.58247],[107.06072,16.54512],[107.05996,16.51753],[107.12933,16.47624],[107.15297,16.38984],[107.09368,16.38002],[107.09194,16.30783],[106.96947,16.302],[106.96409,16.3567],[106.89798,16.39179],[106.89973,16.42619],[106.87185,16.42908],[106.88832,16.4499],[106.87676,16.47211],[106.88897,16.51334],[106.86225,16.54015],[106.831,16.54909],[106.80243,16.46412],[106.77355,16.47023],[106.77175,16.43226],[106.74081,16.41097],[106.7353,16.43848],[106.72643,16.42536],[106.67573,16.45278],[106.64737,16.52257],[106.67234,16.56099],[106.66666,16.58382],[106.6455,16.59385],[106.62763,16.58223],[106.61363,16.60629],[106.58621,16.60101],[106.58981,16.62453],[106.56454,16.64422],[106.54975,16.86811],[106.51549,16.89666],[106.51656,16.91443],[106.54763,16.92594],[106.54947,16.99797],[106.59319,16.98626],[106.58669,16.97201],[106.60745,16.93929],[106.66008,16.93648],[106.68642,16.9567],[106.74337,16.92202],[106.77213,16.93057],[106.77218,16.96101],[106.80471,16.99264],[106.81052,17.03449],[106.85771,17.035],[106.87511,17.05461],[106.86125,17.07712],[106.93624,17.10984],[106.99092,17.16462],[107.0734,17.10914]]]]}},{"type":"Feature","properties":{"name":"Sóc Trăng","region":"dbscl","region_name":"Đồng bằng sông Cửu Long"},"geometry":{"type":"MultiPolygon","coordinates":[[[[105.90637,9.9317],[105.96096,9.90149],[106.07025,9.77728],[106.31521,9.56786],[106.28924,9.56414],[106.25844,9.51204],[106.20556,9.49557],[106.17508,9.43077],[106.18863,9.37882],[106.16506,9.35456],[105.82743,9.2447],[105.81248,9.33946],[105.85899,9.3598],[105.84648,9.39851],[105.82098,9.39325],[105.81239,9.37005],[105.78536,9.38292],[105.77192,9.41133],[105.70534,9.39667],[105.70265,9.37754],[105.65383,9.38584],[105.63858,9.40918],[105.61489,9.40691],[105.59928,9.42388],[105.58055,9.41099],[105.54485,9.4511],[105.54691,9.59579],[105.66935,9.63328],[105.84302,9.7488],[105.87509,9.91596],[105.90637,9.9317]]]]}},{"type":"Feature","properties":{"name":"Sơn La","region":"tdmnpb","region_name":"Trung du và miền núi phía Bắc"},"geometry":{"type":"MultiPolygon","coordinates":[[[[103.55391,22.02284],[103.65095,21.99301],[103.66449,21.95229],[103.68932,21.94057],[103.68306,21.92085],[103.70501,21.88473],[103.72301,21.87932],[103.6969,21.82466],[103.72456,21.80627],[103.75893,21.8083],[103.75462,21.77964],[103.77883,21.77928],[103.80755,21.73742],[103.83312,21.74341],[103.85348,21.69137],[103.87964,21.6865],[103.88198,21.70862],[103.92197,21.70082],[103.93752,21.66962],[104.02664,21.67203],[104.09301,21.64206],[104.15676,21.6556],[104.19406,21.64736],[104.21718,21.67245],[104.33851,21.65368],[104.28765,21.59979],[104.29743,21.57204],[104.27729,21.55109],[104.29491,21.5113],[104.2826,21.47048],[104.33042,21.40953],[104.34709,21.41952],[104.36983,21.39827],[104.39356,21.39896],[104.42869,21.35473],[104.47633,21.35267],[104.52996,21.41356],[104.57904,21.40837],[104.58921,21.42286],[104.67538,21.37553],[104.69,21.40018],[104.73349,21.40636],[104.76947,21.3299],[104.81359,21.33342],[104.84269,21.31109],[104.8553,21.23329],[104.8444,21.2269],[104.86451,21.20759],[104.85249,21.15286],[104.91353,21.11238],[104.854,21.07022],[104.86684,21.03005],[104.93894,20.93375],[104.97563,20.90854],[105.0006,20.85691],[104.99743,20.81541],[105.02484,20.80281],[104.99152,20.75132],[105.01334,20.73412],[104.98295,20.72236],[104.87741,20.76756],[104.84517,20.7539],[104.84963,20.70334],[104.83528,20.69797],[104.84708,20.6508],[104.80998,20.63672],[104.80192,20.58527],[104.74025,20.57358],[104.72235,20.60368],[104.68303,20.59757],[104.68485,20.61614],[104.66158,20.62416],[104.63726,20.67081],[104.59234,20.67511],[104.56651,20.71639],[104.53553,20.71765],[104.52091,20.70076],[104.49646,20.71345],[104.48406,20.76752],[104.32912,20.85583],[104.33134,20.88346],[104.29075,20.92375],[104.26168,20.91728],[104.25629,20.89832],[104.23495,20.91829],[104.24031,20.93333],[104.18854,20.95675],[104.13113,20.94884],[104.10442,20.97836],[104.05104,20.95096],[104.04864,20.91505],[104.0298,20.90234],[103.97322,20.9143],[103.94454,20.89413],[103.89652,20.90698],[103.85,20.86141],[103.81035,20.86601],[103.80321,20.82986],[103.77534,20.80554],[103.79243,20.74894],[103.73222,20.7337],[103.74655,20.67822],[103.72521,20.66601],[103.6834,20.66172],[103.66765,20.7001],[103.64707,20.70059],[103.59913,20.74573],[103.50717,20.75488],[103.46299,20.8288],[103.43583,20.79358],[103.39886,20.78288],[103.36336,20.80735],[103.29536,20.82208],[103.28841,20.83927],[103.26421,20.82281],[103.23657,20.83352],[103.2252,20.8518],[103.23456,20.8732],[103.21237,20.891],[103.28176,20.89687],[103.27511,20.93912],[103.29824,20.94776],[103.27974,21.00371],[103.29216,21.02447],[103.27425,21.05278],[103.28214,21.06595],[103.30473,21.06261],[103.28562,21.09348],[103.33322,21.09093],[103.38298,21.06057],[103.42432,21.06744],[103.39727,21.15242],[103.4334,21.16758],[103.43921,21.28871],[103.42868,21.3132],[103.36961,21.33127],[103.38741,21.36722],[103.36122,21.37221],[103.33022,21.41517],[103.34406,21.42952],[103.44937,21.4379],[103.45874,21.51839],[103.51754,21.5338],[103.5196,21.56429],[103.55878,21.62384],[103.5425,21.64738],[103.57331,21.68134],[103.59877,21.68214],[103.54088,21.77716],[103.54051,21.82752],[103.52214,21.86232],[103.4935,21.87563],[103.48008,21.91556],[103.506,21.95592],[103.4969,21.97012],[103.51157,22.01038],[103.55391,22.02284]]]]}},{"type":"Feature","properties":{"name":"Tây Ninh","region":"dnb","region_name":"Đông Nam Bộ"},"geometry":{"type":"MultiPolygon","coordinates":[[[[106.04568,11.77854],[106.15251,11.73707],[106.18983,11.75276],[106.21495,11.73079],[106.26615,11.72039],[106.30112,11.67555],[106.3836,11.70027],[106.45255,11.66977],[106.46418,11.62281],[106.48628,11.60368],[106.48168,11.55273],[106.43422,11.53948],[106.41168,11.47049],[106.36784,11.44875],[106.34641,11.36657],[106.32676,11.34422],[106.34479,11.32274],[106.33554,11.29554],[106.35483,11.28826],[106.35095,11.26332],[106.36418,11.26092],[106.35121,11.24931],[106.38367,11.22828],[106.38833,11.1856],[106.4312,11.17394],[106.43035,11.14863],[106.44745,11.13556],[106.40667,11.00481],[106.34294,10.99286],[106.29297,11.02587],[106.27041,11.01494],[106.28168,10.98489],[106.16785,10.96313],[106.16075,10.98177],[106.2033,10.97737],[106.18904,11.04789],[106.15531,11.10073],[106.10072,11.07247],[106.08885,11.10098],[106.07627,11.09511],[106.02059,11.14293],[106.01327,11.1893],[105.93461,11.21039],[105.91,11.24128],[105.90863,11.28171],[105.86346,11.2853],[105.88189,11.35526],[105.87122,11.40421],[105.9038,11.44155],[105.87467,11.46045],[105.88206,11.54048],[105.86133,11.56585],[105.81639,11.5692],[105.80732,11.62083],[105.82823,11.61796],[105.83382,11.64875],[105.88415,11.67794],[105.9503,11.63973],[106.01183,11.7292],[106.01485,11.76998],[106.04568,11.77854]]]]}},{"type":"Feature","properties":{"name":"Thái Bình","region":"dbsh","region_name":"Đồng bằng sông Hồng"},"geometry":{"type":"MultiPolygon","coordinates":[[[[106.59432,20.29924],[106.60604,20.2751],[106.59148,20.25304],[106.58002,20.27273],[106.59432,20.29924]]],[[[106.40443,20.72876],[106.41627,20.71396],[106.40123,20.6883],[106.44269,20.65741],[106.47162,20.59834],[106.49307,20.61651],[106.52827,20.6027],[106.54781,20.62777],[106.56834,20.62012],[106.6,20.63963],[106.6299,20.62062],[106.6208,20.59474],[106.57394,20.55699],[106.57059,20.52485],[106.59906,20.44092],[106.57988,20.37132],[106.56596,20.37456],[106.58923,20.31657],[106.57459,20.28021],[106.52735,20.31655],[106.47304,20.29029],[106.44485,20.2926],[106.33944,20.37735],[106.2606,20.32814],[106.2533,20.35402],[106.28527,20.39378],[106.21532,20.41592],[106.22333,20.47015],[106.18365,20.48444],[106.16936,20.55027],[106.13086,20.57808],[106.12959,20.62633],[106.11001,20.64013],[106.13598,20.65853],[106.22443,20.64152],[106.21759,20.65544],[106.26917,20.68223],[106.2568,20.70115],[106.28539,20.69297],[106.28624,20.71136],[106.30259,20.68931],[106.40443,20.72876]]]]}},{"type":"Feature","properties":{"name":"Thái Nguyên","region":"tdmnpb","region_name":"Trung du và miền núi phía Bắc"},"geometry":{"type":"MultiPolygon","coordinates":[[[[105.69782,22.03149],[105.75091,22.01325],[105.7751,21.95254],[105.76462,21.91445],[105.78085,21.88875],[105.75785,21.83149],[105.76763,21.81304],[105.79916,21.80533],[105.81521,21.84402],[105.8818,21.8578],[105.90957,21.89431],[105.95642,21.90852],[105.97439,21.93969],[106.01129,21.93726],[106.03035,21.96671],[106.05454,21.94325],[106.13148,21.92114],[106.11351,21.89052],[106.11789,21.84321],[106.09495,21.82063],[106.11207,21.78206],[106.13703,21.78512],[106.15004,21.761],[106.23611,21.72591],[106.2263,21.68146],[106.19123,21.64565],[106.1852,21.60424],[106.15986,21.62614],[106.0969,21.62455],[106.03318,21.57057],[106.05554,21.55094],[106.03823,21.49098],[106.05143,21.45348],[106.02633,21.43104],[106.02874,21.39441],[105.9606,21.43645],[105.942,21.37506],[105.9099,21.37576],[105.89508,21.35204],[105.90806,21.34968],[105.88076,21.33855],[105.89232,21.32583],[105.85758,21.33922],[105.85694,21.37633],[105.80097,21.38551],[105.77661,21.36051],[105.754,21.41216],[105.72885,21.40937],[105.72399,21.43317],[105.6523,21.45737],[105.60343,21.52922],[105.49731,21.61769],[105.47944,21.67436],[105.47755,21.69722],[105.51632,21.73913],[105.49949,21.75565],[105.49403,21.82769],[105.5281,21.83557],[105.51997,21.88332],[105.55295,21.90853],[105.55201,21.9535],[105.57483,21.95774],[105.60171,22.01325],[105.66143,22.02957],[105.66924,22.04754],[105.69782,22.03149]]]]}},{"type":"Feature","properties":{"name":"Thanh Hóa","region":"btb","region_name":"Bắc Trung Bộ"},"geometry":{"type":"MultiPolygon","coordinates":[[[[105.92692,19.35864],[105.93815,19.37648],[105.91507,19.38309],[105.92692,19.35864]]],[[[105.80508,19.28769],[105.81252,19.30745],[105.79308,19.32506],[105.81728,19.31921],[105.77395,19.41393],[105.79548,19.42761],[105.78865,19.40126],[105.7974,19.42631],[105.81287,19.42623],[105.81492,19.57065],[105.80252,19.58962],[105.81865,19.58548],[105.85929,19.71116],[105.87909,19.7306],[105.89742,19.72172],[105.93277,19.77771],[105.93241,19.82975],[105.96551,19.88902],[105.94837,19.88857],[105.95517,19.92171],[105.99633,19.9506],[105.99926,19.97008],[106.0251,19.96992],[106.02952,19.99601],[106.05936,20.01541],[106.07271,20.06607],[105.96106,20.06605],[105.92048,20.10469],[105.74068,20.18546],[105.59791,20.313],[105.56392,20.31623],[105.53869,20.36913],[105.50625,20.36016],[105.42682,20.38678],[105.40724,20.37319],[105.34658,20.39042],[105.25856,20.43437],[105.26683,20.45512],[105.22918,20.50458],[105.16933,20.51523],[105.10514,20.57278],[105.06245,20.57424],[105.04567,20.55747],[104.98321,20.5732],[104.95976,20.62815],[104.89803,20.66948],[104.80998,20.63672],[104.80266,20.58632],[104.77808,20.57512],[104.76245,20.58474],[104.74025,20.57358],[104.72235,20.60368],[104.68303,20.59757],[104.68485,20.61614],[104.63741,20.65289],[104.60203,20.60596],[104.54148,20.59858],[104.52638,20.55242],[104.47401,20.51679],[104.38742,20.48981],[104.37674,20.44269],[104.4144,20.42639],[104.40796,20.3883],[104.46941,20.36858],[104.52274,20.3904],[104.52828,20.41374],[104.60754,20.42091],[104.62642,20.46185],[104.66766,20.47029],[104.66473,20.45202],[104.71849,20.40705],[104.68366,20.40379],[104.61697,20.35993],[104.61427,20.24244],[104.72066,20.20058],[104.77194,20.1996],[104.86186,20.14262],[104.92774,20.15879],[104.93565,20.12572],[104.99244,20.09452],[104.91411,19.99751],[104.95908,19.99315],[104.96581,19.97563],[105.04592,19.93165],[105.09286,19.93951],[105.17058,19.91685],[105.18772,19.86259],[105.1492,19.85563],[105.13138,19.826],[105.13354,19.74392],[105.16239,19.72212],[105.16539,19.68435],[105.23533,19.64504],[105.24666,19.65673],[105.28336,19.60283],[105.26768,19.5299],[105.29308,19.4753],[105.33427,19.5336],[105.35315,19.53804],[105.39578,19.44994],[105.47866,19.44484],[105.52515,19.46334],[105.58954,19.37093],[105.62764,19.3806],[105.68718,19.30095],[105.74206,19.32317],[105.74828,19.30177],[105.80039,19.30181],[105.80508,19.28769]]]]}},{"type":"Feature","properties":{"name":"Tiền Giang","region":"dbscl","region_name":"Đồng bằng sông Cửu Long"},"geometry":{"type":"MultiPolygon","coordinates":[[[[106.29348,10.57976],[106.34799,10.54436],[106.37974,10.48032],[106.415,10.48933],[106.45286,10.45216],[106.41408,10.43116],[106.42585,10.41149],[106.45238,10.41301],[106.45699,10.39562],[106.52966,10.43388],[106.55804,10.41315],[106.58288,10.4164],[106.58544,10.43561],[106.62739,10.4519],[106.64738,10.48379],[106.66231,10.4434],[106.68237,10.43997],[106.73545,10.49671],[106.7922,10.41836],[106.78163,10.29225],[106.74272,10.26204],[106.78069,10.22108],[106.74123,10.19495],[106.68043,10.23556],[106.53678,10.26763],[106.3814,10.33927],[106.22078,10.31771],[106.08812,10.27672],[105.99141,10.33074],[105.901,10.27402],[105.82183,10.31037],[105.81581,10.37062],[105.84461,10.36602],[105.85948,10.40789],[105.94156,10.49439],[105.94199,10.53637],[106.10244,10.52262],[106.10133,10.57558],[106.29348,10.57976]]]]}},{"type":"Feature","properties":{"name":"Trà Vinh","region":"dbscl","region_name":"Đồng bằng sông Cửu Long"},"geometry":{"type":"MultiPolygon","coordinates":[[[[106.32098,10.01652],[106.48155,9.92129],[106.60199,9.7953],[106.56067,9.74501],[106.57964,9.67413],[106.55198,9.60671],[106.5003,9.55704],[106.41434,9.52764],[106.42416,9.54966],[106.37877,9.52752],[106.34962,9.57278],[106.31521,9.56786],[106.22965,9.63297],[106.07025,9.77728],[105.95366,9.91956],[105.9971,9.90501],[106.02027,9.9329],[106.03706,9.92746],[106.0853,9.96037],[106.11273,9.93853],[106.13182,9.96134],[106.13506,10.02377],[106.19189,10.02557],[106.21136,10.00865],[106.23209,10.02325],[106.22422,10.05665],[106.24123,10.08174],[106.32098,10.01652]]]]}},{"type":"Feature","properties":{"name":"Tuyên Quang","region":"tdmnpb","region_name":"Trung du và miền núi phía Bắc"},"geometry":{"type":"MultiPolygon","coordinates":[[[[105.49933,21.77243],[105.51622,21.73819],[105.47755,21.69722],[105.47944,21.67436],[105.49731,21.61769],[105.5424,21.57414],[105.52206,21.53615],[105.42344,21.49713],[105.37013,21.52473],[105.33925,21.50366],[105.30113,21.50926],[105.29585,21.53388],[105.26696,21.54607],[105.27473,21.55912],[105.24913,21.58344],[105.24674,21.61602],[105.22517,21.62925],[105.2342,21.65875],[105.07708,21.72178],[105.05676,21.74713],[105.10003,21.81328],[105.04476,21.86455],[105.03693,21.89105],[105.01414,21.89836],[105.01879,21.93538],[104.98712,21.93599],[104.99747,22.04392],[104.94876,22.03453],[104.93605,22.05763],[104.88321,22.07167],[104.86463,22.09714],[104.8489,22.18465],[104.86442,22.20145],[104.89549,22.18517],[104.91939,22.23892],[104.89191,22.27216],[104.92181,22.2904],[104.89166,22.32331],[104.90051,22.34879],[104.9509,22.31984],[104.98268,22.3238],[105.01404,22.26643],[105.05959,22.31364],[105.04144,22.35278],[105.08306,22.35376],[105.07264,22.3848],[105.10058,22.41481],[105.08738,22.43942],[105.11824,22.45739],[105.108,22.4924],[105.12655,22.53511],[105.10981,22.57229],[105.13114,22.58959],[105.13027,22.61208],[105.15786,22.62508],[105.13434,22.6521],[105.14633,22.69071],[105.27091,22.64784],[105.28137,22.61964],[105.31419,22.60828],[105.32647,22.64152],[105.39332,22.63079],[105.44174,22.60368],[105.49809,22.63453],[105.53177,22.63371],[105.54869,22.58242],[105.59531,22.53321],[105.59777,22.48869],[105.54887,22.43731],[105.55261,22.4129],[105.57117,22.41901],[105.56272,22.40373],[105.51903,22.40067],[105.51438,22.34839],[105.47869,22.30826],[105.49191,22.29395],[105.43616,22.2593],[105.43337,22.21076],[105.47004,22.16071],[105.49329,22.15718],[105.46381,22.11555],[105.47472,22.09729],[105.46297,22.07457],[105.50516,21.99227],[105.55565,21.95771],[105.55295,21.90853],[105.51997,21.88332],[105.5281,21.83557],[105.49403,21.82769],[105.49933,21.77243]]]]}},{"type":"Feature","properties":{"name":"Vĩnh Long","region":"dbscl","region_name":"Đồng bằng sông Cửu Long"},"geometry":{"type":"MultiPolygon","coordinates":[[[[106.03091,10.2791],[106.03826,10.24992],[106.11214,10.23684],[106.17521,10.1749],[106.20398,10.16514],[106.2893,10.05049],[106.24123,10.08174],[106.22422,10.05665],[106.23209,10.02325],[106.21136,10.00865],[106.19189,10.02557],[106.13506,10.02377],[106.13182,9.96134],[106.11273,9.93853],[106.0853,9.96037],[106.03706,9.92746],[106.02027,9.9329],[105.9971,9.90501],[105.95416,9.92135],[105.9809,9.88326],[105.85857,9.96805],[105.78464,10.0672],[105.68263,10.13403],[105.72772,10.20507],[105.76473,10.17851],[105.77487,10.18957],[105.80129,10.15548],[105.87059,10.15432],[105.87628,10.18938],[105.91336,10.19248],[105.91966,10.21093],[105.87706,10.26422],[105.98006,10.32935],[106.03449,10.29882],[106.03091,10.2791]]]]}},{"type":"Feature","properties":{"name":"Vĩnh Phúc","region":"dbsh","region_name":"Đồng bằng sông Hồng"},"geometry":{"type":"MultiPolygon","coordinates":[[[[105.54451,21.57332],[105.6041,21.52851],[105.6523,21.45737],[105.72399,21.43317],[105.72885,21.40937],[105.754,21.41216],[105.75962,21.37863],[105.78659,21.35492],[105.7615,21.30276],[105.72521,21.2731],[105.73712,21.23607],[105.69643,21.22382],[105.69849,21.21241],[105.68731,21.23473],[105.6461,21.23611],[105.65867,21.22087],[105.61617,21.20413],[105.62682,21.17423],[105.55971,21.15233],[105.46879,21.1773],[105.44328,21.26486],[105.45564,21.31193],[105.39627,21.35747],[105.38817,21.42852],[105.34344,21.42043],[105.32269,21.49902],[105.36849,21.52468],[105.42344,21.49713],[105.48795,21.51765],[105.52109,21.5349],[105.54451,21.57332]]]]}},{"type":"Feature","properties":{"name":"Yên Bái","region":"tdmnpb","region_name":"Trung du và miền núi phía Bắc"},"geometry":{"type":"MultiPolygon","coordinates":[[[[104.61665,22.287],[104.72194,22.25673],[104.7243,22.1988],[104.76273,22.16677],[104.8489,22.18465],[104.87955,22.07414],[104.93605,22.05763],[104.96219,22.02976],[104.99747,22.04392],[104.98712,21.93599],[105.01879,21.93538],[105.01414,21.89836],[105.03693,21.89105],[105.04476,21.86455],[105.09968,21.81451],[105.05665,21.74747],[105.0914,21.71353],[105.09891,21.68249],[105.03211,21.70105],[104.98033,21.67314],[104.97212,21.64664],[104.95389,21.66087],[104.90842,21.63213],[104.90581,21.60906],[104.88848,21.61047],[104.89783,21.56435],[104.86799,21.54856],[104.91257,21.43976],[104.88223,21.38812],[104.89647,21.34418],[104.85458,21.36451],[104.848,21.33805],[104.77757,21.32566],[104.74928,21.35199],[104.73426,21.406],[104.69,21.40018],[104.67538,21.37553],[104.58921,21.42286],[104.57904,21.40837],[104.52996,21.41356],[104.47633,21.35267],[104.42869,21.35473],[104.39356,21.39896],[104.36983,21.39827],[104.34709,21.41952],[104.33042,21.40953],[104.2826,21.47048],[104.29491,21.5113],[104.27729,21.55109],[104.29743,21.57204],[104.28765,21.59979],[104.33851,21.65368],[104.21718,21.67245],[104.19406,21.64736],[104.15676,21.6556],[104.09301,21.64206],[104.02664,21.67203],[103.93752,21.66962],[103.93763,21.69106],[103.91264,21.71628],[103.91717,21.73612],[103.95277,21.74083],[103.96711,21.7698],[103.88974,21.86519],[103.89232,21.92075],[103.919,21.9319],[103.94374,21.91855],[103.98504,21.96696],[104.01097,21.91897],[104.0793,21.90431],[104.09571,21.91593],[104.19736,21.88865],[104.23102,21.902],[104.20822,21.94359],[104.21706,21.94926],[104.25721,21.93179],[104.28376,21.9403],[104.32488,21.91829],[104.35567,21.8766],[104.43247,21.94744],[104.41583,22.02534],[104.37992,22.06825],[104.37964,22.09114],[104.40623,22.11703],[104.38461,22.17643],[104.42843,22.19798],[104.56334,22.0872],[104.58429,22.11236],[104.58346,22.17714],[104.62588,22.17248],[104.61545,22.20644],[104.62873,22.21926],[104.5845,22.23181],[104.58669,22.265],[104.61665,22.287]]]]}}]}